Campaign ID,Campaign Name
120242701732720240,CU_Mohali_Rem
120242372728180240,CU_Mohali_Int
120242025831180240,UG_Online_Admission_2026 _SF
120240869439570240,CU_Lucknow_Int
120240852820750240,CU_Lucknow_Remarketing
120240149156480240,UG_PG_Online_Admission_2026_Remarketing
120240142485000240,S6M_UG_PG_Online_Admission_2026
120239868186710240,MBA_Online_Mar_2026
120239551521610240,PG_UG_Online_G_Admission
120239176809630240,Without Target All Multi-Course Meta - SK - 16-02-2026
120239074091720240,Online MBA  All  University - SK - 13-02-2026 Without Detailed targeting
120239071595270240,BBA + BCA + MBA + MCA  All  University - SK - 13-02-2026
120239068411990240,Online MBA  All  University - SK - 13-02-2026
120239036014930240,"Traffic Ads - Degree FYD - BBA, MBA, BCA , MCA All Colleges - SK - 02-2026"
120238887857220240,Punjab_Online_Admission
120238390992900240,IGNOU_Online_Courses_Admission_DFYD
120238319730090240,DUSOL_Online_Courses_Admission_DFYD
120238040123160240,IGNOU_Leads_2026
120238008917840240,UG_Online_Admission_2026_LAL
120237643624400240,UG_C | Co4 | Lookalike
120237587465990240,LeadZam-India-Masters-05Jan2026
120237522142400240,Group_Online_Admission_2026
120237475802100240,LeadZam-India-OldCreatives-31Dec2025
120237435965940240,LeadZam-India-31Dec2025
120237347926530240,Master-North-MBA-Conditional-29Dec
120237347779600240,Master-India-MBA-Conditional-29Dec
120237347745460240,Master-North-Conditional-29Dec
120237244879750240,Master-North-Conditional-26Dec2025
120237242971350240,Master-North-MBA-Conditional-23Dec2025
120237149275710240,Master-India-MBA-Conditional-23Dec2025
120237149165140240,Master-Cluster1-MBA-Conditional-23Dec2025
120237149010690240,Master-India-Conditional-23Dec2025
120237146967120240,Master-Cluster1-Conditional-23Dec2025
120236998745700240,UG_Online_Admission_2026
120236916593200240,MNIMS  MBA
120236915550230240,LPU_University-19Dec2025
120236915408930240,Chandigarh_University-19Dec2025
120236915141150240,Shoolini_University-19Dec2025
120236914628930240,UG_C | Co4 | Lookalike old
120236795774980240,MBA_Admission_2026-Dec
120236782045660240,GLA_Online_G_17Dec25
120236379255690240,Master-Cluster1-UG&PG-10Dec2025
120236358736770240,Manipal University-10Dec2025
120236331954290240,North-UG&PG-09Dec2025
120236308189930240,Master-UG&PG-North-09Dec2025
120236292822930240,Test - North-UG&PG-08Dec2025
120236290321050240,North-UG&PG-08Dec2025
120235786246330240,Manipal University 2026
120235738726140240,Galgotias_Lead_2026
120235728271910240,MBA_Admission_2026
120235345393390240,Amity_UG_PG_Admission_2026_Session
120234501316200240,Online_MBA_6_Nov_2026
120234432566730240,Amity_LAL_2026_Session
120233970943540240,DFYD_NMIMS_Online_MBA_2026_Session
120232043651860240,LPU | MBA | LEAD | VARUN | 24 SEP
120232014735490240,Generic | MBA VIDEO | 24 SEP
120231997137690240,GLA MBA
120231978854890240,DY Patil
120231752239250240,Generic | MBA | 19 SEP | Varun
120231660332660240,LPU | Generic | Lead Gen | 17 Sep | Varun
120231606550790240,LPU | MBA | LEAD | VARUN
120231555019450240,SU | MBA | LEAD | VARUN
120231553547030240,SU Lead Gen | Testing | Varun
120231494473140240,Online UG Degree Program_Aryan_Sep
120230793849020240,Online BBA Leads Campaign - Ashish
120230584202730240,Awareness Campaign MBA 1Lakh + Interview
120230583287170240,Traffic Campaign MBA 1Lakh + Interview
120230424658800240,Galgotias Leads Camp. | 25th August 2025
120230422612340240,MBA Leads campaign | 25th August 2025
120230310541290240,MBA Leads campaign | 23rd August 2025
120230309782710240,Galgotias Leads Camp. | 23rd August 2025
120230306035470240,DU SOL | MBA Leads Camp. | 22nd August 2025
120230299767720240,MBA Leads campaign | 22nd August 2025
120230243208900240,Amity_Online_LAL_21st_Aug_2025
120230183579670240,Amity | MBA Leads campaign | 20th August 2025
120230183071530240,Amity | BCA Leads Camp. | 20th August 2025
120230181602130240,SMU Leads Camp. | 20th August 2025
120230095238410240,Galgotias Leads campaign | 19th August 2025
120230092978130240,NMIMS Leads campaign - 19th August 2025
120229728617010240,VGU BCA Camp. | 12th Aug. 2025
120229727564170240,VGU Leads Camp. | 12th Aug. 2025
120229726794050240,LPU (M.Sc. Math) Leads Camp. | 12th Aug. 2025
120229725110450240,Galgotias Leads Camp. | 12th Aug. 2025
120229720091220240,NMIMS Leads Camp. | 11th August 2025
120229437840720240,VGU Leads Camp. | 4th Aug. 2025
120229187846550240,DY Patil Leads Camp. | 1st Aug. 2025
120228940882480240,NMIMS Leads campaign - 29th July 2025
120228831728750240,NMIMS Leads Camp. | 28th July 2025
120228831191420240,LPU Leads Camp. | 28th July 2025
120228798495770240,Amity Leads Camp. | 27' July 2025
120228797056550240,Shoolini Leads Camp. | 27' July 2025
120228708188550240,CU Leads Camp. | 26' July 2025
120228707543110240,NMIMS Leads campaign - 26' July 2025
120228681745080240,MBA Leads Camp. | 25th July 2025
120228611116130240,VGU Leads Camp. | 24' July 2025
120228610029440240,NMIMS Leads Camp. | 24'July 2025
120228301957800240,M.Sc. Leads Camp. | 19th July 2025
120228198681010240,LPU (M.Sc. Math) Leads Camp. | 16th July 2025
120228018541700240,IIM - MBA Leads Camp. - 12th July 2025
120227927109750240,Mangalayatan Leads campaign - 10th July 2025
120227834786680240,NMIMS Leads Camp. | July 2025
120227832688030240,Sharda Leads Campaign  | 8th July 2025
120227660520120240,Sharda Leads  - 4th July 2025
120227095815930240,KUK Leads Camp. | 24th June 2025
120227012758650240,Lovely_prof._University_23June2025
120226932935190240,Lovely_prof._University_22June2025
120226931830530240,MBA_Campaign_June2025
120226929143780240,Amity | Leads Camp. | 22nd June 2025
120226789122560240,Chitkara Leads Camp. | 19th June 2025
120226693692200240,LPU_June_LP
120226630028670240,NMIMS Leads campaign - 18th June 2025
120226553226690240,IU Leads Campaign - 17th June 2025
120226551682670240,Galgotias Leads Camp. | 16th June 2025
120226543301710240,LPU Campaign - June_16
120226473054730240,Amity | Leads Camp. | 15th June 2025
120226467962750240,WABA_Manipal_University
120226449981360240,Amity Awareness Camp. | 15th June 2025
120226407146330240,WA Camp. | All Courses | 14th June 2025
120225766229210240,MCA Campaign June 2025
120225476710170240,CU Campaign - June
120225418558470240,Amity University MA psychology Campaign - June
120225417825490240,LPU Campaign - June
120225348894400240,Amity University Campaign - June
120225032224070240,Manipal University Campaign
120225023081420240,MBA_Campaign_May2025 - With OTP
120224720546110240,BA_Campaign_May2025
120224542110420240,B.com_Campaign_May2025
120224452229100240,BBA_Campaign_May2025
120224401379220240,MCA_Campaign_May2025
120224397189900240,BCA_Campaign_May2025
120224306563290240,MBA_Campaign_May2025
120222395331650240,DegreeFYD_Traffic_UG_ExamAspirant_290425
120222291469580240,DegreeFYD_MBA_Campaign
120221957286910240,DegreeFYD_LeadGen_VGUonline_240425
120221891021580240,DegreeFYD_LeadGen_JainUniversity_230425
120221798921610240,DegreeFYD_Leadgen_WorkingProfessional_220425_GeneralOldCreatives
120221725036370240,DegreeFYD_LeadGen_LPU_OlderCreatives_CSC
120221717153600240,DegreeFYD_LeadGen_Amity_210425
120221709146390240,DegreeFYD_UG_LeadGen_GenralTheme
120219772831510240,DegreeFYD_LPU_LeadGen_070425_RemAmityLeads
120219329725710240,DegreeFYD_LPU_AWR_RemarketingSearch
120219149256640240,Amity_LeadGen_04Apr2025
120218175550550240,FacebookPost_Campaign_DO_NOT_TAKE_THIS_LIVE
120217928558630240,DegreeFyd_Manipal_LeadGen_190325
120217918929030240,DegreeFyd_LPU_LeadGen_190325
120217843465140240,Amity_Leadgen_17Mar2025_NorthMarket_leadform
120217303721400240,LPU Lookalike _East_West
120217303603560240,LPU_Online_New – Lookalike 1% Online Leads – North – Copy
120217276926520240,LPU_Online_New – Lookalike 1% Online Leads – North
120217084632100240,LPU_Online_New – Lookalike 1% Online Leads - West
120216847843350240,Online_MBA_Program
120215842454220240,LPU_Online_New
120215752565450240,Amity_Online_New
120215639099880240,Amity_Online_LP
120215621440240240,LPU Online
120215550487050240,Amity_University_Online
120215502470890240,DFYD_Online_MBA_Admissions_Longform
120215290518230240,Webinar_2
120215290423210240,DFYD_Online_MBA_Admissions1
120215258385830240,Webinar_1
120215239574460240,DFYD_Online_MBA_Admissions
120242701732750240,CU_Mohali_Rem_ADG1_Ad02
120242701732740240,CU_Mohali_Rem_ADG1_Ad01
120242372728170240,CU_Mohali_Int_ADG1_Ad01
120242372728160240,CU_Mohali_Int_ADG1_Ad02
120242025831190240,UG_Online_Admission_SF_Ad_Set01_Ad01
120242026877860240,UG_Online_Admission_SF_Ad_Set01_Ad02
120236998745840240,UG_Online_Admission_Ad_Set01_Ad02
120240855626530240,CU_Lucknow_Rem_Ad02
120240852820770240,CU_Lucknow_Rem_Ad01
120240869439580240,CU_Lucknow_Int_ADG1_Ad02
120240869439590240,CU_Lucknow_Int_ADG1_Ad01
120238040123200240,IGNOU_MBA_2026_Int_Ad01
120240142485020240,S6M_UG_PG_Online_Admission_2026_Ad_Set01_InstAd01
120240149156490240,UG_PG_Online_Admission_2026_Ad_Set01_InstAd01_Remarketing
120239868186720240,MBA_Online_Mar_2026_AdG1_Ad1
120239874993280240,MBA_Online_Mar_2026_AdG1_Ad2LB
120235738726290240,Galgotias_Leads_2026_P_Ad_01
120239551521590240,PG_UG_Online_G_Admission_AD_Set1_Core
120239551521620240,PG_UG_Online_G_Admission_AD_Set1_AI
120239176809650240,MCA Course Meta - SK - 16-02-2026
120239176809660240,B.Com Course Meta - SK - 16-02-2026
120239176809670240,BCA Course Meta - SK - 16-02-2026
120239176809620240,BA Course Meta - SK - 16-02-2026
120239176809680240,BBA Course Meta - SK - 16-02-2026
120239176809610240,MBA Course Meta - SK - 16-02-2026
120239071595280240,BBA + BCA + MBA + MCA  All  University - SK - 13-02-2026
120239074091730240,Online MBA  All  University - SK - 13-02-2026 Without Detailed targeting
120239068411970240,Online MBA  All  University - SK - 13-02-2026
120238319730110240,DUSOL_Online_Courses_Admission_DFYD_Delhi_NCR_Ad01
120238391040020240,IGNOU_Online_Courses_Admission_DFYD_Rest_Ad01
120238887857250240,Punjab_Online_Admission_Inst_UG_P
120236998745850240,UG_Online_Admission_Ad_Set01_Ad01
120238008917850240,UG_Online_Admission_Conv_UG_LAL_Ad01
120238008917860240,UG_Online_Admission_Conv_UG_LAL_Ad02
120236620953150240,Galgotias_Leads_2026_P_Ad_01-AI
120238390992910240,IGNOU_Online_Courses_Admission_DFYD_Delhi_NCR_Ad01
120237149275730240,MBA_Admission_2026_Video-India_23Dec-Conditional-C1
120237149275760240,MBA_Admission_2026_Static-102-India_23Dec-Condtional
120237242971390240,Online-Degree-India_23Dec-Conditional
120228301000900240,IGNOU MBA -  18th August
120237694845840240,GLA_University_G-NorthCityOnly-LeadZam
120237694845830240,UG_Online_Admission_NorthCityOnly-LeadZam
120237694953130240,202-UG-Video-16DecDFYD-UGC-NorthCityOnly-LeadZam
120237694953140240,201.1-UG-Video-16Dec-UGC-DFYD-NorthCityOnly-LeadZam
120237588326070240,Resume-MBA-5Jan-LeadZam
120237693824750240,UG_Online_Admission_DelhiNCR-LeadZam
120237693824740240,GLA_University_G-India_DelhiNCR-LeadZam
120237644880600240,UG_C | Co4 | Lookalike old
120237242971360240,GLA_University_G-India_23Dec-Conditional-North
120237536214510240,Group_Online_Admission_2026_Carousel_01_Fee_Breakup
120237493810020240,GLA_University_G-India_LeadZam
120237149275800240,GLA_University_G-India_23Dec-Conditional
120236508769310240,MBA_Admission_2026_Static-102-Winning
120237645473710240,UG_C | Co4 | Lookalike - Copy 2
120237645457930240,UG_C | Co4 | Lookalike - Copy
120237645410510240,UG_C | Co4 | Lookalike
120228403890560240,IGNOU - 22nd July
120236914628940240,UG_C | Co4 | Lookalike
120237244879790240,C04-India_23Dec-Conditional-C1-AI
120237244879760240,201-UG-Video-16Dec-UGC-DFYD-India_23Dec-Conditional
120237535504910240,Group_Online_Admission_2026_Carousel_01_Summary
120236736086900240,202-UG-Video-16DecDFYD-UGC-Winning
120237498394160240,UG_C | FEW SEAT | Lookalike
120237436611840240,201.1-UG-Video-16Dec-UGC-DFYD-Conditional
120237244879770240,202-UG-Video-16DecDFYD-UGC-India_23Dec-Conditional
120237498157660240,UG_C | CITY | Lookalike
120237498407260240,UG_C | study night | Lookalike
120236620748690240,107-PG-DFYD-Winning
120236508769300240,MBA_Admission_2026_Static-101-Winning
120236713936400240,108-UG-Video-16DecDFYD-Winning
120236308348860240,Amity_UG_PG_Admission_2026-Winning-AI
120236620660800240,108-PG-DFYD-Winning
120236308332410240,C04-Winning
120236359711130240,C04-Winning-AI
120236308332400240,C03-Winning
120236308295450240,Galgotias_Leads_2026_P_Ad_01_Winning
120236308332390240,MBA_Admission_2026_Video-Winning
120236308189950240,101-UGPG-GetDegreeThatStandsOut-Blue-DFYD-Winning
120237635420460240,Masters-302.1-24Dec25-LeadZam
120237588283670240,Leadership-MBA-5Jan-LeadZam
120237587466000240,MBA_Admission_2026_Static-102-LeadZam
120237588359750240,Salary-MBA-5Jan-LeadZam
120237477521860240,Masters-JobReady-29Dec-LeadZam
120237587516780240,MBA_Admission_2026_Static-102-LeadZam – Copy
120237587466050240,Masters-JobReady-29Dec-LeadZam
120237477521880240,Masters-302-24Dec25-LeadZam
120237587466040240,Masters-302-24Dec25-LeadZam
120237522142410240,Group_Online_Admission_2026_Dynamic_01_Summary
120237476570190240,UG_Online_Admission_LeadZam
120237477521870240,MBA_Admission_2026_Static-102-LeadZam
120237475824450240,202-UG-Video-16DecDFYD-UGC-LeadZam
120237435965950240,201.1-UG-Video-16Dec-UGC-DFYD-LeadZam
120236769299220240,201.1-UG-Video-16Dec-UGC-DFYD-Winning
120237347779720240,Masters-306
120237347779680240,Masters-303-24Dec25
120237347779670240,Masters-305-24Dec25
120237347926600240,Masters-JobReady-29Dec
120237242971410240,Masters-302-24Dec25
120237347779730240,Masters-302-24Dec25
120237347779690240,Masters-306.1
120237347779700240,Masters-306.2
120237347779740240,Masters-306.3
120237347779620240,Masters-302.1-24Dec25
120237347745490240,Don'tQuitJob-29Dec
120237334023590240,Don'tQuitJob-29Dec
120237333038600240,Masters-JobReady-29Dec
120237332998630240,Masters-306.3
120237242971380240,MBA_Admission_2026_Static-102-India_23Dec-Condtional
120237242971370240,MBA_Admission_2026_Video-India_23Dec-Conditional-C1
120237332988400240,Masters-306.2
120237332981310240,Masters-306.1
120237331963340240,Masters-306
120237331886660240,Masters-302.1-24Dec25
120236916246850240,GLA Man Video
120236916246830240,GLA Image
120236916246840240,GLA Girl Video
120237149010700240,C04-India_23Dec-Conditional-C1-AI
120237237060010240,MBA_Admission_2026_Static-102-CLuster1-Condtional
120237237059990240,101-UGPG-GetDegreeThatStandsOut-Blue-DFYD-Cluster1-Conditional-C1
120237242971400240,Masters-305-24Dec25
120237242971430240,Masters-303-24Dec25
120237237059960240,Amity_UG_PG_Admission_2026-Cluster1-Conditional-C1
120237237059980240,Online-Degree-Cluster1-Conditional
120237237060000240,GLA_University_G-Cluster1-Conditional
120237237060020240,MBA_Admission_2026_Video-Cluster1-Conditional-C1
120231997552190240,GLA Man Video
120236916212740240,GLA Girl Video
120236916170460240,GLA Image
120237178241370240,Masters-305-24Dec25
120237178119900240,Masters-302-24Dec25
120237177879920240,Masters-303-24Dec25
120237149165170240,MBA_Admission_2026_Static-102-CLuster1-Condtional
120237146967170240,C04-Cluster1-Conditional-C1-AI
120237146967140240,202-UG-Video-16DecDFYD-UGC-Cluster1-Conditional
120237146967150240,201-UG-Video-16Dec-UGC-DFYD-Cluster1-Conditional
120237149275720240,Online-Degree-India_23Dec-Conditional
120237149165190240,Amity_UG_PG_Admission_2026-Cluster1-Conditional-C1
120237149165130240,Online-Degree-Cluster1-Conditional
120237149165200240,101-UGPG-GetDegreeThatStandsOut-Blue-DFYD-Cluster1-Conditional-C1
120237149165220240,GLA_University_G-Cluster1-Conditional
120237149165160240,MBA_Admission_2026_Video-Cluster1-Conditional-C1
120237149010720240,202-UG-Video-16DecDFYD-UGC-India_23Dec-Conditional
120237149010790240,201-UG-Video-16Dec-UGC-DFYD-India_23Dec-Conditional
120236915383630240,ShooliniUni-102-India
120237006336990240,GLA_University_G-Cluster1
120236915575350240,ChandigarhUni-102-Punjab
120236915575330240,ChandigarhUni-101-Punjab
120237128659090240,NMIMS Image  2
120237128770910240,NMIMS Image
120236916776650240,NMIMS Image
120236916593210240,NMIMS Image
120236769118620240,201-UG-Video-16Dec-UGC-DFYD-Winning
120236915408940240,ChandigarhUni-101-India
120237006648060240,MBA_Admission_2026_Static-103
120237006021570240,202-UG-Video-16DecDFYD-UGC-Cluster1
120236379255740240,C03-Cluster1-C1
120236379255780240,101-UGPG-GetDegreeThatStandsOut-Blue-DFYD-Cluster1-C1
120236379255720240,Amity_UG_PG_Admission_2026-Cluster1-C1
120236379255710240,C04-Cluster1-C1-AI
120236769060150240,107-UG-DFYD-Cluster1
120236379255730240,C04-Cluster1-C1
120236916196050240,201-UG-Video-16Dec-UGC-DFYD-Cluster1
120236379255770240,Galgotias_Leads_2026_P_Ad_01_Cluster1-C1
120236379255750240,MBA_Admission_2026_Video-Cluster1-C1
120236915362360240,ShooliniUni-101-Himachal
120236619345550240,MBA_Admission_2026_Static-105
120236714291230240,108-UG-Video-16DecDFYD-Cluster1
120236733654170240,108-PG-DFYD-Winning
120236915550250240,LPU-101-India
120236796298500240,MBA_Admission_2026_Static-102
120236915550240240,LPU-102-India
120236915141200240,ShooliniUni-101-India
120236795976760240,MBA_Admission_2026_Static_111.2
120236796147490240,MBA_Admission_2026_Static_111.3
120236795775020240,MBA_Admission_2026_Static_111.1
120236796298510240,MBA_Admission_2026_Static-101
120236915396610240,ShooliniUni-102-Himachal
120236796336980240,MBA_Admission_2026_Static-102
120236359549970240,Manipal-University-102
120236915408950240,ChandigarhUni-102-India
120236782045640240,GLA_Online_G_17Dec25_01
120236782045650240,GLA_Online_G_17Dec25_P_Ad_01
120236659719550240,Manipal-University-104.2
120236659665110240,Manipal-University-104.1
120236733654140240,107-PG-DFYD-Winning
120236733654130240,201-UG-Video-16Dec-UGC-DFYD-Winning
120235638951160240,Amity_UG_PG_Admission_2026_Session _UP_NB –V2
120236659574190240,Manipal-University-104
120236508614120240,MBA_Admission_2026_Static-101
120235728271900240,MBA_Admission_2026_Video
120236508745450240,MBA_Admission_2026_Static-102
120236619192730240,MBA_Admission_2026_Static-104
120236426238970240,Amity_UG_PG_Admission_2026_Session _UP_NB –V2-AI
120235345393380240,Amity_UG_PG_Admission_2026_Session _UP_NB
120236358736760240,Manipal-University-101
120236391692660240,102-UGPG-MNC's_Accepted_Degree
120236331954310240,101-UGPG-GetDegreeThatStandsOut-Blue-DFYD
120236290321070240,101-UGPG-GetDegreeThatStandsOut-Blue-DFYD
120236292822940240,101-UGPG-GetDegreeThatStandsOut-Blue-DFYD
120235786246350240,Manipal AdC1
120234434289950240,Amity_LAL_2026_Session_Amity_LAL_2026_Session_West+Rest_Ad1
120234432566720240,Amity_LAL_2026_Session_North_Ad1
120230331973190240,SMU Leads ad | 23rd August 2025
120234721639140240,Online_MBA_6_Nov_2026_WP_Blue_one
120234505512980240,Online_MBA_6_Nov_2026_Inst_video
120234721639150240,Online_MBA_6_Nov_2026_Inst_Red_one
120234501316220240,Online_MBA_6_Nov_2026_Inst_Blue_one
120234020583870240,DFYD_NMIMS_Online_MBA_2026_Session_Ad2
120234339209230240,NMIMS_Online_MBA_2026_Session_Ad03
120233970943610240,DFYD_NMIMS_Online_MBA_2026_Session_Ad1
120232043651850240,LPU_Online_MBA_16_Sep
120231661738140240,LPU_Online_Generic_17_Sep | Broad
120232043651880240,LPU_Online_MBA _17_ SEP
120232014735600240,Generic | MBA VIDEO | 24 SEP
120231978854980240,DYPATIL _ MBA _ 23 SEP
120231979065620240,DYPATIL _ MBA _ 23 SEP
120231752239270240,Generic _ Online _ MBA 19 SEP
120231979243880240,New Leads ad - IIM LKO - 8th August
120231979218760240,New Leads ad - IIM LKO
120231666065970240,LPU_Online_MBA _17_ SEP
120231606550800240,LPU_Online_MBA_16_Sep
120228018541710240,New Leads ad - IIM LKO
120231805061770240,AD C01
120231805207840240,AD C03
120231505918010240,AD 02
120231805187130240,AD C02
120231494473180240,AD 01
120231785024370240,Galgotias Leads Camp
120231553547620240,Sharda_Online_General Tier 1_16_Sep
120231660333260240,LPU_Online_Generic_17_Sep
120226551693090240,Galgotias Leads Camp
120231752472140240,LPU_Online_Generic_17_Sep
120231505918000240,AD 03
120231554677010240,Sharda_Online_General Tier 2_16_Sep
120231555019490240,Sharda_Online_MBA_16_Sep
120231495737860240,Amity_LAL_13_Sep_V1
120231495737870240,Amity_LAL_13_Sep_v2
120230243208910240,Amity_Online_LAL_21st_Aug_2025
120230659940870240,Amity_LAL_21st_Aug_V2
120226542728450240,LPU_Online_Degrees
120227690145480240,IGNOU
120230920313600240,BBA Amity Ad Copy - Copy 2
120230920044120240,BBA Amity Ad Copy - Copy
120230920313620240,BBA Amity Ad Copy - Copy 2
120230920313610240,BBA Amity Ad Copy - Copy 2
120230793849010240,BBA Amity Ad Copy
120225417825500240,LPU Ad 1
120226397865350240,LPU Ad 2
120230181602150240,SMU Leads ad | 20th August 2025
120228711574050240,Galgotias Leads - 26' July 2025
120230684973390240,DU SOL | MBA New Leads ad | 30th August 2025
120230306035460240,DU SOL | MBA New Leads ad | 22nd August 2025
120228710454170240,Galgotias Leads - 26' July
120230091782570240,VGU BBA Ad 1 Post - 18th August
120224452229120240,Sharda University BBA Ad 1 Post
120228798495780240,Amity Leads ad Set | 27' July
120228403814470240,Galgotias Leads - 22nd July
120230583287180240,Traffic Campaign MBA 1Lakh + Interview
120230584202740240,Awareness Campaign MBA 1Lakh + Interview
120229812701270240,Galgotias Leads Ad - 13/08/2025
120230304829010240,MBA Leads ad | 22nd August 2025
120230422612330240,MBA Leads ad | 25 August 2025
120230424658820240,Galgotias Leads ad | 25th August 2025
120230309782690240,Galgotias Leads ad | 23rd August 2025
120224454239100240,Jain University BBA Ad 1 Post
120224452229130240,Amity BBA Ad 1 Post
120230299767710240,MBA Leads ad | 22nd August 2025
120230331745070240,IGNOU - 23rd August
120230310541300240,MBA Leads ad | 23rd August 2025
120230183579660240,Amity MBA New Leads ad | 20th August 2025
120229813933650240,NMIMS Leads ad - 13th Aug. 2025
120229720091250240,NMIMS Leads ad - 11th Aug. 2025
120225023895070240,Amity BBA Ad 2 UN Reel
120226105559300240,Amity BBA Ad 1 Post
120230183071520240,Amity | BCA Leads ad | 20th August 2025
120230092978120240,NMIMS Leads ad - 19th August 2025
120230095238420240,Galgotias Leads ad | 19th August 2025
120224452229140240,VGU BBA Ad 1 Post
120229726794060240,LPU Lead  ad  - (M.Sc. Math) - 12th Aug. 2025
120228536316550240,LPU Lead  ad  - (M.Sc. Math)
120228797056540240,Shoolini Leads Ad | 27' July
120229612357590240,LPU Lead  ad  - (M.Sc. Math) - 8th August 2025
120229166859510240,LPU Leads ad | 1st Aug. 2025
120228831191410240,LPU Leads ad | 28th July 2025
120229861644970240,VGU | M.Sc. Ad | 14th Aug. 2025
120229437840700240,VGU | MA Ad | 4th Aug. 2025
120229438643110240,VGU | MA-JMC Ad | 4th Aug. 2025
120229863058110240,VGU | MA Ad | 14th Aug. 2025
120229861045330240,New Leads ad - IIM Gujarat - 14th August
120229860962210240,IIM MBA LKO - 14th August
120228115196940240,New Leads ad - IIM Gujarat
120228708188560240,CU Leads ad - 26' July
120229184761870240,CU Leads ad - 1st Aug. 2025
120229614186480240,New Leads ad - 8th August
120229869038670240,Galgotias Leads | MBA | Ad - 14th August 2025
120228940882490240,New Leads ad
120229864335850240,Galgotias Leads Ad - 14th August 2025
120229186006230240,Shoolini Leads Ad | 1st Aug. - MBA
120228924495870240,NMIMS Leads ad
120228831728730240,NMIMS Leads ad
120229187846530240,DY Patil Leads ad | 1st Aug. 2025
120229725110500240,Galgotias Leads - 12th August
120229728617020240,VGU | BCA | 12th Aug. 2025 - Ad
120229772767670240,VGU | MBA | 12th Aug. 2025 - Ad
120229727564190240,VGU | MBA | 12th Aug. 2025 - Ad
120229774421800240,IIM MBA LKO - 12th August - Delhi
120228798065640240,Shoolini Leads Ad | 27' July - MBA
120229613117260240,Galgotias Leads - 8th August
120229723383880240,IIM MBA LKO - 11th August
120228020322580240,mangalayatan Leads ad
120229612628790240,New Leads ad - IIM LKO - 8th August
120229478754420240,VGU | M.Sc. Ad | 5th Aug. 2025
120228539561480240,NMIMS MBA | 23rd July | New Creative
120229183972770240,NMIMS Leads ad - 1st Aug. 2025
120228301383900240,New Leads ad - IIM Mumbai
120228707543120240,NMIMS Leads ad - 26' July
120216819307430240,LPU_Online_New – Copy
120228823858820240,NMIMS – Copy
120226630028660240,NMIMS
120228795569890240,NMIMS
120228796200590240,M.Sc Leads ad - 27' July
120228404611120240,M.Sc Leads ad - 22nd July
120228538348280240,NMIMS - MBA | 23rd July
120228610029430240,NMIMS Leads ad | 24' July
120228198681000240,LPU Leads ad
120228489946510240,M.Sc Leads ad - 23rd July
120228301957790240,M.Sc Leads ad - July 2025
120228683071250240,MBA Leads Ad | 25' July - State
120228682209460240,MBA Leads Ad | 25th July - UP
120228681745090240,MBA Leads Ad | 25th July
120228611116140240,VGU ad | 24' July 2025
120228403646420240,NMIMS
120226842338590240,IGNOU
120224359047870240,Manipal University MBA Ad 3 Post
120224359047890240,Manipal University MBA Ad 2 Post
120227933637690240,Galgotias Leads Camp
120227927109760240,mangalayatan Leads ad
120228005211340240,mangalayatan Leads ad
120227832688040240,New Leads ad - Sharda Uni.
120227044494100240,IGNOU
120227661085220240,New Leads ad
120227834786660240,New Leads ad - NMIMS
120226553226710240,IGNOU
120226931830560240,Sharda University MBA Ad 2 Post
120226931830610240,Manipal University MBA Ad 3 Post
120226931830550240,Amity MBA Ad 1 Post
120227012815150240,Lovely_prof._University_23June2025
120227095815920240,KUK Online | ad
120227660520110240,New Leads ad
120226930205950240,New Leads ad
120226931240960240,New Leads ad
120226789122570240,New Leads ad
120226929143770240,New Leads ad
120226930678120240,New Leads ad
120226932935180240,Lovely_prof._University_22June2025_LP
120224358832140240,Sharda University MBA Ad 2 Post
120224358832160240,Sharda University MBA Ad 1 Post
120224358832170240,Sharda University MBA Ad 3 Post
120224378652310240,Amity MBA Ad 3 Post
120224306563300240,Amity MBA Ad 1 Post
120224535343810240,Amity MBA Ad 4 Post
120224358688500240,Amity MBA Ad 2 Post
120224359047860240,Manipal University MBA Ad 1 Post
120226788645550240,NMIMS
120226473055250240,New Leads ad
120226693692190240,LPU_Creative_1_LP
120224542110410240,Amity B.Com Ad 1 Post
120225944562070240,Sharda University BBA Ad 1 Post
120226105606410240,Amity BBA Ad 1 Post
120225945417270240,Sharda University BBA Ad 1 Post
120226467962770240,Manipal_Genral
120226543301740240,LPU_Online_Degrees
120226472890650240,EMI Creative
120226407146530240,EMI Creative
120226105616280240,Amity BBA Ad 1 Post
120225945687520240,Sharda University BBA Ad 1 Post
120226449981510240,New Awareness ad
120225926528240240,BCA Amity Ad 1
120225926291600240,Amity Ad 1 V2
120225348894380240,Amity Ad 1
120225929222330240,Bcom Amity Ad 1 Post
120225926666050240,MCA Amity Ad 1
120225766229300240,LPU MCA Ad 1
120225766046610240,Manipal University MBA Ad 1 - A/b test
120225476710160240,CU Ad 1
120224876951280240,General MBA Ad1
120225024036190240,Amity BCA Ad 4 UN Reel
120225591518960240,Amity BCA Ad 5
120224397189870240,Amity BCA Ad 1 Post
120224397189920240,Amity BCA Ad 3 Post
120224397189810240,Amity BCA Ad 2 Post
120225592064490240,Amity BCA Ad 6
120225418558480240,Amity MA psychology Ad 1
120224876516480240,General MCA Ad1
120224358658520240,LPU MBA Ad 3 Post
120224358581370240,LPU MBA Ad 2 Post
120224309162350240,LPU MBA Ad 1 Post
120224875204550240,General BBA Ad 1
120224452229160240,Manipal University BBA Ad 1 Post
120225033676820240,Manipal Ad 1
120225033673180240,Manipal Ad 2
120225032224080240,Manipal Ad 3
120224452229110240,LPU BBA Ad 1 Post
120224358770080240,VGU MBA Ad 1 Post
120224358770070240,VGU MBA Ad 2 Post
120224358770060240,VGU MBA Ad 3 Post
120224397189820240,VGU BCA Ad 2 Post
120224397189840240,VGU BCA Ad 3 Post
120224397189890240,LPU BCA Ad 3 Post
120225023081510240,Sharda University MBA Ad 2 Post
120225023081390240,Sharda University MBA Ad 3 Post
120225023081470240,Sharda University MBA Ad 1 Post
120225023081400240,Amity MBA Ad 1 Post
120225023081430240,VGU MBA Ad 3 Post
120225023081530240,General MBA Ad1
120225023081520240,Manipal University MBA Ad 3 Post
120225023081380240,Amity MBA Ad 4 Post
120225023081490240,VGU MBA Ad 1 Post
120225023081500240,VGU MBA Ad 2 Post
120225023081440240,Manipal University MBA Ad 2 Post
120225023081460240,Manipal University MBA Ad 1 Post
120225023081600240,Jain University MBA Ad 2 Post
120225023081550240,LPU MBA Ad 1 Post
120225023081540240,LPU MBA Ad 3 Post
120225023081450240,Amity MBA Ad 3 Post
120225023081580240,Jain University MBA Ad 1 Post
120225023081410240,Amity MBA Ad 2 Post
120225023081480240,LPU MBA Ad 2 Post
120225023081570240,Jain University MBA Ad 3 Post
120224875996990240,General BCA Ad 1
120224874803630240,General Ad 1
120224661535090240,Amity MCA Ad 2 Post
120224358971270240,Jain University MBA Ad 1 Post
120224397189780240,Manipal University BCA Ad 2 Post
120224401379390240,VGU MCA Ad 1 Post
120224542110480240,Jain University B.Com Ad 1 Post
120224358971300240,Jain University MBA Ad 3 Post
120224397189930240,Sharda University BCA Ad 3 Post
120224401379310240,Manipal University MCA Ad 1 Post
120224397189860240,LPU BCA Ad 2 Post
120224397189760240,Manipal University BCA Ad 3 Post
120224401379280240,Amity MCA Ad 1 Post
120224720546100240,Manipal University BA1
120224397189830240,VGU BCA Ad 1 Post
120224720657820240,Sharda BA1
120224720657800240,VGU BA2
120224720546070240,Amity BA1
120224720657810240,LPU BA 1
120224720546120240,Jain University BA 1
120224720640160240,Amity BA2
120224720657790240,LPU BA 2
120224720657840240,VGU BA1
120224397189800240,Sharda University BCA Ad 2 Post
120224397189770240,Manipal University BCA Ad 1 Post
120224397189850240,LPU BCA Ad 1 Post
120224397189670240,Sharda University BCA Ad 1 Post
120224662886660240,Sharda University MCA Ad 2 Post
120224661768260240,LPU MCA Ad 2 Post
120224454374980240,Jain University MCA Ad 1 Post
120224663090340240,VGU MCA Ad 2 Post
120224659069460240,Jain University MCA Ad 2 Post
120224662711890240,Manipal University MCA Ad 2 Post
120224401379350240,Sharda University MCA Ad 1 Post
120224401379230240,LPU MCA Ad 1 Post
120224542110430240,Manipal University B.com Ad 1 Post
120224358971280240,Jain University MBA Ad 2 Post
120222395331660240,DegreeFYD_Traffic_UG_ExamAspirant_290425
120222394494350240,DegreeFYD_MBA_amity_creative2
120222291469590240,DegreeFYD_MBA_amity_creative1
120221709146410240,DegreeFYD_UG_LeadGen_GenralTheme_210425_P1Cities
120221891021590240,DegreeFYD_LeadGen_JainUniversity_230425
120221725036390240,DegreeFYD_LeadGen_LPU_OlderCreatives_CSC_210325
120221717153610240,DegreeFYD_LeadGen_Amity_210425
120221739522680240,DegreeFYD_UG_LeadGen_GenralTheme_210425_P2Cities
120222041051720240,DegreeFYD_Leadgen_WorkingProfessional_220425_GeneraLCreativeNew2
120221976217960240,DegreeFYD_Leadgen_WorkingProfessional_220425_GeneraLCreativeNew1
120221798921600240,DegreeFYD_Leadgen_WorkingProfessional_220425_GeneralOldCreatives_Amity1
120221802320410240,DegreeFYD_Leadgen_WorkingProfessional_220425_GeneralOldCreatives_Amity2
120221957286920240,DegreeFYD_LeadGen_VGUonline_240425
120219772831520240,DegreeFYD_LPU_LeadGen_070425_RemAmityLeads
120219329725690240,DegreeFYD_LPU_AWR_040425_RemarketingSearch
120219149256620240,Amity_LeadGen_04Apr2025
120219001581430240,FacebookPostOrganic_MythAroundOnlineDegree_DoNotTakeThisLive
120217918930370240,DegreeFyd_LPU_LeadGen_190325
120217928558640240,DegreeFyd_Manipal_LeadGen_190325_ProspectingAudience
120218175553140240,FacebookPostOrganic_WhatYouShouldLook_DO_NOT_TAKE_IT_LIVE
120217931162900240,DegreeFyd_LPU_LeadGen_190325_Version2
120217845712440240,Amity_Leadgen_17Mar2025_NorthMarket_leadform
120217276926530240,LPU_Online_New_lookalike_North
120217303721710240,LPU Lookalike _East_West
120217303603570240,LPU_Online_New_lookalike_NorthA
120217084632110240,LPU_Online_New_lookalike -West
120216847843480240,Online MBA Programs
120215752565630240,Amity_New
120215639100310240,Amity_Online_Traffic
120215621440280240,LPU
120215502470900240,Online MBA Long Form
120215550487110240,Amity_Online
120215290423220240,Online MBA
120215239574570240,Online MBA
120215258385890240,Webinar_1
120215290518240240,Webinar_1
120242190404440018,ONLINE_MBA_IF
120242162961700018,AMITY_ONLINE_UG&PG_IF
120242161872340018,Shoolini_Online_UG&PG_IF
120242150028950018,Shoolini_Online_UG&PG_SF
120242148269460018,AMITY_ONLINE_UG&PG_ASH_5
120242147243320018,Manipal_Online_UG&PG_SF
120242140068620018,CU_ONLINE_UG&PG_ASH_4
120242131449440018,ONLINE_MBA_SF_ASH_3
120242130815880018,Amity_Online_MBA_SF
120242130055470018,ONLINE_MBA_SF_ASH_2
120242057997110018,Online_UG_Video_SF
120242045352800018,Online_BBA_SF_ASH_1
120242043695830018,Online_UG&PG_SF
120241944177460018,New Leads campaign
120241893592840018,CGC_BTECH_REGU_Rem_SF
120241880823270018,CGC_BTECH_REGU_SF
120241874120880018,CGC_Landran_UG&PG_SF
120241804294200018,Online_MBA_SF_G1
120241639999860018,IGNOU_ONLINE_DEGREE
120241637161800018,Ignou_Online_MBA
120241551025630018,Online_MBA_SF
120241390895590018,LPU_Nest_April
120241341244750018,LPU_University_Punjab_April
120241315936470018,CGC_Landran_Punjab_April
120241127324030018,Online_MCA
120241059173880018,Online_MBA
120240071970810018,Online_MBA_LPU
120240052097160018,Online_MBA_Chandigarh_Uni
120239565744000018,Online_MBA_Amity
120239392586990018,Online_MBA_Guide
120236139920100018,Remarketing_CU | 30/12
120236139136160018,Remarketing_Galgotias | 30/12
120236139136150018,Remarketing_VGU | 30/12
120236139136140018,Remarketing_LPU | 30/12
120236139136130018,Remarketing_Manipal | 30/12 -
120236139001010018,Remarketing_Shoolini | 30/12
120236135379780018,Remarketing_Amity | 30/12
120242190404450018,ONLINE_MBA_IF_3_CR1
120242190404470018,ONLINE_MBA_IF_3_CR2
120242161872350018,Shoolini_Online_UG&PG_IF_CR2
120242162961710018,AMITY_ONLINE_UG&PG_IF_CR1
120241880823280018,CGC_BTECH_REGU_SF_CR1
120242162961720018,AMITY_ONLINE_UG&PG_IF_CR2
120242161872320018,Shoolini_Online_UG&PG_IF_CR1
120242150475450018,Shoolini_Online_UG&PG_SF_CR2
120242150028940018,Shoolini_Online_UG&PG_SF_CR1
120242150299130018,Manipal_Online_UG&PG_SF_CR2
120242148269480018,AMITY_ONLINE_UG&PG_ASH_5_CR1
120242148815770018,AMITY_ONLINE_UG&PG_ASH_5_CR2
120242147243330018,Manipal_Online_UG&PG_SF_CR1
120242146071090018,CU_ONLINE_UG&PG_ASH_4_CR2
120242140068630018,CU_ONLINE_UG&PG_ASH_4_CR1
120242130815900018,Amity_Online_MBA_SF_CR1
120242131449460018,ONLINE_MBA_SF_ASH_3_CR1
120242132739190018,ONLINE_MBA_SF_ASH_3_CR2
120242130055490018,ONLINE_MBA_SF_ASH_2_CR1
120242130865360018,ONLINE_MBA_SF_ASH_2_CR2
120242064200570018,Online_UG_Video_SF_VD2
120242057997120018,Online_UG_Video_SF_VD1
120242045352820018,Online_BBA_SF_ASH_CR1
120242047354510018,Online_UG&PG_SF_CR2
120242043695840018,Online_UG&PG_SF_CR1
120241920577890018,CGC_Landran_UG&PG_SF_CR2
120241874120890018,CGC_Landran_UG&PG_CR1
120241893592850018,CGC_BTECH_REGU_Rem_SF_AD_01
120241893592870018,CGC_BTECH_REGU_Rem_SF_AD_02
120241882079820018,CGC_BTECH_REGU_SF_CR2
120241858719030018,Online_MBA_SF_G1_CR2
120241804294190018,Online_MBA_SF_G1_CR1
120241637161780018,Ignou_Online_MBA_SF_Ad1
120241639999870018,IGNOU_ONLINE_Degree_CR1
120241059173850018,Generic_New_Trageting_T1
120241062619410018,Amity_New_Targeting
120241061400600018,Amity_Old_Targeting
120241315936460018,CGC_Landran_Punjab_April_Ad1
120241127324020018,Online_MCA_Creative1
120241137595590018,Online_MCA_Creative2
120241551025610018,Online_MBA_SF_Ad_Set_T1_C1
120241341244770018,LPU_University_Punjab_April_Ad1
120241062572060018,Generic_Old_Targeting_T2
120241390895580018,LPU_Nest_April_Ad1
120241391095590018,LPU_University_Punjab_April_Ad2
120241322925370018,CGC_Landran_Punjab_April_Ad2
120241119285330018,Amity_Old_Targeting_T2
120241119117630018,Amity_New_Targeting_T1
120240110932690018,Online_MBA_Chandigarh_Uni_CR2
120239397742420018,Online_MBA_Guide_int_Ad_CR01
120239444554940018,Online_MBA_Guide_int_Ad_CR05
120239392587010018,Online_MBA_Guide_int_Ad_CR02
120239399127300018,Online_MBA_Guide_int_Ad_CR04
120240073013160018,Online_MBA_LPU_CR1
120240052097170018,Online_MBA_Chandigarh_Uni_CR1
120240071970800018,Online_MBA_LPU_CR3
120239565744020018,Online_MBA_Amity_CR1
120239569639460018,Online_MBA_Amity_CR2
120239590786170018,Online_MBA_Amity_CR3
120239398604260018,Online_MBA_Guide_int_Ad_CR03
120239445099840018,Online_MBA_Guide_int_Ad_CR06
120236139136190018,Remarketing_VGU
120236139136170018,Remarketing_Manipal
120236139001030018,Remarketing_Shoolini
120236139920120018,Remarketing_CU
120236139136210018,Remarketing_Galgotias
120236139136180018,Remarketing_LPU
120236135379790018,Remarketing_Amity
120244923493070690,UA_MBA_Website_Leads V4
120244759000500690,UA_MBA_Website_Leads V3
120244665609020690,UA_MBA_Website_Leads V2
120244656517170690,UA_MBA_Website_Leads V1
120244184632000690,F_UA1_FEB_MBA_Aryan_April_ V2
120244184106250690,F_UA1_FEB_MBA_Aryan_April_ V1
120244008594550690,F_UA1_FEB_MBA_Aryan v1.4.4
120244007042980690,F_UA1_FEB_MBA_Aryan eBOOK 1.1
120243907930780690,FUA1_MBA_April_LAL
120243517063560690,F_UA1_FEB_MBA_Aryan eBOOK
120243516494200690,F_UA1_FEB_MBA_Aryan v1.7–
120243427992080690,F_UA1_FEB_MBA_Aryan v1.6
120242230737430690,FUA1_CGC_B.Tech_Admission_1.1
120241785818820690,F_UA1_MBADeadline_Aryan v1.5
120241579139280690,F_UA1_FEB_MBA_Aryan v1.5
120241574642280690,WA_Leads_MBA_March 02
120241572971700690,F_UA1_FEB_MBA_Aryan v1.4
120241465153810690,WA_Leads_MBA_March
120240884040880690,F_UA1_All Colleges_MBA_Aryan v1.3
120240851362820690,RT_UA 01_ All Colleges_0.1
120240824980940690,LAL_UA01_(All Colleges UG) LAL0.1
120240499889460690,F_UA01_{UG All Colleges V05.1}
120240485251980690,F_UA1_All Colleges_MBA_Aryan v1.3
120240262107550690,F_UA01_{MBA In Data Science V01.1}
120240247850840690,F_UA01_{UG All Colleges Punjab V1}
120240229290570690,F_UA01_{MBA In DM V01.1}
120240215306340690,F_UA01_{UG All Colleges V04.1}
120239714882570690,F_UA01_{UG All Colleges V03.1}
120239620954690690,F_UA1_All Colleges_MBA_Aryan v1.2
120239500535610690,F_UA1_All Colleges_MBA_Aryan v1.1
120239500510620690,F_UA01_{UG All Colleges V02.1}
120239500349960690,F_UA01_{UG All Colleges V01.1}
120239492267060690,F_UA01_{UG All Colleges V02}
120239487877940690,F_UA1_All Colleges_MBA_Aryan v1
120239274375240690,F_UA01_{UG All Colleges V01}
120244923922210690,UA_MBA_Website_Leads V4 (INT 01) C04
120244923493080690,UA_MBA_Website_Leads V4 (INT 01) C01
120244923922190690,UA_MBA_Website_Leads V4 (INT 01) C02
120244923922200690,UA_MBA_Website_Leads V4 (INT 01) C03
120244761299370690,UA_MBA_Website_Leads V3 (INT 02) C02
120244762555280690,UA_MBA_Website_Leads V3 (INT 03) C03
120244762555260690,UA_MBA_Website_Leads V3 (INT 03) C02
120244761299390690,UA_MBA_Website_Leads V3 (INT 02) C03
120244760286570690,UA_MBA_Website_Leads V3 (INT 01) C03
120244759000510690,UA_MBA_Website_Leads V3 (INT 01) C01
120244761299250690,UA_MBA_Website_Leads V3 (INT 02) C01
120244762555250690,UA_MBA_Website_Leads V3 (INT 03) C01
120244760286560690,UA_MBA_Website_Leads V3 (INT 01) C02
120244665376190690,UA_MBA_Website_Leads V1 (INT 01) C02
120244656517160690,UA_MBA_Website_Leads V1 (INT 01) C01
120244665609000690,UA_MBA_Website_Leads V2 (INT 01) C01
120244665376200690,UA_MBA_Website_Leads V1(INT 01 ) C03
120244184632020690,F_UA1_FEB_MBA_Aryan_April_ V1 (INT01) C03
120244008594570690,F_UA1_FEB_MBA_Aryan (INT 01)_ 4.1.2
120244184631980690,F_UA1_FEB_MBA_Aryan_April_ V2 (INT01) C02
120244190398590690,F_UA1_FEB_MBA_Aryan (INT 01)_ 4.1.1
120244184448600690,F_UA1_FEB_MBA_Aryan_April_ V1 (INT01) C02
120244184448590690,F_UA1_FEB_MBA_Aryan_April_ V1 (INT01) C03
120244184106260690,F_UA1_FEB_MBA_Aryan_April_ V1 (INT01) C01
120244184632010690,F_UA1_FEB_MBA_Aryan_April_ V2 (INT01) C01
120244189629510690,F_UA1_FEB_MBA_Aryan (INT 01)_ 1.4
120241574495370690,F_UA1_FEB_MBA_Aryan (INT 01)_ 1.1 – Copy
120243908696650690,FUA1_MBA_April_LAL INT 01_C02
120244184940460690,F_UA1_FEB_MBA_Aryan_April_ V1 (INT01) C04
120243907930800690,FUA1_MBA_April_LAL INT 01_C01
120244007043010690,F_UA1_FEB_MBA_Aryan EBOOK  (INT 01)_ 1.1
120240226567910690,F_UA01_{UG All Colleges 3.1} {INT 01} {C1.4)
120244008594560690,F_UA1_FEB_MBA_Aryan (INT 01)_ 4.1.1
120244008594580690,F_UA1_FEB_MBA_Aryan (INT 01)_ 4.1.3
120244007042990690,F_UA1_FEB_MBA_Aryan EBOOK  (INT 01)_ 1.2
120244007043020690,F_UA1_FEB_MBA_Aryan EBOOK  (INT 01)_ 1.1 – Copy
120243908753810690,FUA1_MBA_April_LAL INT 01_C04
120243908753820690,FUA1_MBA_April_LAL INT01_C05
120243908696660690,FUA1_MBA_April_LAL INT 01_C03
120243516494170690,F_UA1_FEB_MBA_Aryan v1.7 (INT 01)
120243517307530690,F_UA1_FEB_MBA_Aryan EBOOK  (INT 01)_ 1.1 – Copy
120243517063540690,F_UA1_FEB_MBA_Aryan EBOOK  (INT 01)_ 1.1
120243517307520690,F_UA1_FEB_MBA_Aryan EBOOK  (INT 01)_ 1.2
120243516494210690,F_UA1_FEB_MBA_Aryan v1.7 (INT 01)_ 1.1
120243516494190690,F_UA1_FEB_MBA_Aryan v1.7 (INT 01)_ 1.2
120243439996950690,F_UA1_FEB_MBA_Aryan v1.6 C02
120243427992100690,F_UA1_FEB_MBA_Aryan v1.6 C01
120243439996960690,F_UA1_FEB_MBA_Aryan v1.6 C03
120241574495360690,F_UA1_FEB_MBA_Aryan (INT 01)_ 1.2
120241572971600690,F_UA1_FEB_MBA_Aryan (INT 01)_ 1.1
120241579139250690,F_UA1_FEB_MBA_Aryan v1.5 C1.1
120239500535650690,F_UA1_All Colleges_MBA_Aryan (INT 01)_ 1.4
120240247850850690,F_UA01_{UG All Colleges V02}{INT01}_C03
120240247850870690,F_UA01_{UG All Colleges V02}{INT01}_C04
120240247850830690,F_UA01_{UG All Colleges V02}{INT01}_C05
120241197587570690,F_UA1_All Colleges_MBA_Aryan (INT 03)_ 1.1
120241197587590690,F_UA1_All Colleges_MBA_Aryan (INT 03)_ 1.2
120241197587580690,F_UA1_All Colleges_MBA_Aryan (INT 03)_ 1.3
120242235269080690,FUA1_CGC_B.Tech_Admission_C02
120242230737420690,FUA1_CGC_B.Tech_Admission_C03
120242317370730690,F_UA1_All Colleges_MBA_Aryan (INT 04)_ 1.1
120242317370710690,F_UA1_All Colleges_MBA_Aryan (INT 01)_ 1.2
120242317370750690,F_UA1_All Colleges_MBA_Aryan (INT 01)_ 1.3
120242317370740690,F_UA1_All Colleges_MBA_Aryan (INT 01)_ 1.1
120241197587610690,F_UA1_All Colleges_MBA_Aryan (INT 03)_ 1.4
120241785818830690,F_UA1_MBADeadline_Aryan v1.5 C01
120239500510670690,F_UA01_{UG All Colleges V02}{INT01}_C04
120242250247920690,F_UA1_MBADeadline_Aryan v1.5 C05
120242249015860690,F_UA1_MBADeadline_Aryan v1.5 C04
120239500535640690,F_UA1_All Colleges_MBA_Aryan (INT 01)_ 1.3
120239500535630690,F_UA1_All Colleges_MBA_Aryan (INT 01)_ 1.1
120242235269070690,FUA1_CGC_B.Tech_Admission_C01
120240215877880690,F_UA01_{UG All Colleges V02}{INT01}_C05
120240485251970690,F_UA1_All Colleges_MBA_Aryan V1.3 (INT 01)_ 1.4
120239500510660690,F_UA01_{UG All Colleges V02}{INT01}_C02
120240824980920690,LAL_UA01_(All Colleges UG)_INT01_C01
120240485252000690,F_UA1_All Colleges_MBA_Aryan V1.3 (INT 01)_ 1.1
120241579139260690,F_UA1_FEB_MBA_Aryan v1.5 C1.2
120241785818850690,F_UA1_MBADeadline_Aryan v1.5 C02
120241785818860690,F_UA1_MBADeadline_Aryan v1.5 C03
120241579139270690,F_UA1_FEB_MBA_Aryan v1.5 C1.3
120241574735870690,WA_leads_INT01_C03
120241574720060690,WA_leads_INT01_C02
120241574642270690,WA_leads_INT01_C01
120240747699870690,F_UA1_All Colleges_MBA_Aryan V1.3 (INT 01)_ 1.5
120241465427040690,WA_leads_INT01_C02
120241465153790690,WA_leads_INT01_C01
120241465486460690,WA_leads_INT01_C03
120241344578110690,RT_UA 01_ All Colleges_C0.2
120240851362810690,RT_UA 01_ All Colleges_C0.1
120240882234620690,F_UA01_{UG All Colleges V02}{INT01}_C07
120240885023930690,F_UA1_All Colleges_MBA_(INTO1)_Aryan v1.3_03
120241344627500690,RT_UA 01_ All Colleges_C0.3
120241344627510690,RT_UA 01_ All Colleges_C0.4
120240783230660690,F_UA1_Amity_MBA_Aryan (INT 02) _C04
120240885023920690,F_UA1_All Colleges_MBA_(INTO1)_Aryan v1.3_02
120240884040890690,F_UA1_All Colleges_MBA_(INTO1)_Aryan v1.3_01
120240843210790690,LAL_UA01_(All Colleges UG)_INT01_C03
120240843210780690,LAL_UA01_(All Colleges UG)_INT01_C02
120240279113100690,F_UA01_{UG All Colleges V02}{INT01}_C06
120240744765380690,F_UA01_Pun {UG All Colleges V02}{INT01}_C06
120240783230650690,F_UA1_Amity_MBA_Aryan (INT 02) _C03
120240783230670690,F_UA1_Amity_MBA_Aryan (INT 02) _C02
120240744765370690,F_UA01_Pun {UG All Colleges V02}{INT01}_C08
120239714882610690,F_UA01_{UG All Colleges 3.1} {INT 01} {C1.1}
120239715998950690,F_UA01_{UG All Colleges 3.1} {INT 01} {C1.2}
120240749224070690,F_UA1_Amity_MBA_Aryan (INT 02) _C01
120239500510680690,F_UA01_{UG All Colleges V02}{INT01}_C01
120239500510630690,F_UA01_{UG All Colleges V02}{INT01}_C03
120240744765360690,F_UA01_Pun {UG All Colleges V02}{INT01}_C07
120240485252010690,F_UA1_All Colleges_MBA_Aryan V1.3 (INT 01)_ 1.2
120240485251990690,F_UA1_All Colleges_MBA_Aryan V1.3 (INT 01)_ 1.3
120240251588760690,F_UA01_Pun {UG All Colleges V02}{INT01}_C03
120240251588740690,F_UA01_Pun {UG All Colleges V02}{INT01}_C04
120240251588750690,F_UA01_Pun_{UG All Colleges V02}{INT01}_C05
120239716183810690,F_UA01_{UG All Colleges 3.1} {INT 01} {C1.3}
120240499889480690,F_UA01_{UG All Colleges 3.1} {INT 01} {C1.2}
120240499889470690,F_UA01_{UG All Colleges 5.1} {INT 01} {C1.1)
120239500535620690,F_UA1_All Colleges_MBA_Aryan (INT 01)_ 1.2
120240262998100690,F_UA01_{MBA In Data Science V01.1} {INT 01} C04
120240215306360690,F_UA01_{UG All Colleges V04}{INT01}_C01
120240262380840690,F_UA01_{MBA In Data Science V01.1} {INT 01} C02
120240233495460690,F_UA01_INT 01_{MBA In DM V01.1} 03
120240229290560690,F_UA01_INT 01_{MBA In DM V01.1} 01
120240262107560690,F_UA01_{MBA In Data Science V01.1} {INT 01} C01
120240262380850690,F_UA01_{MBA In Data Science V01.1} {INT 01} C03
120240233495480690,F_UA01_INT 01_{MBA In DM V01.1} 05
120240233495470690,F_UA01_INT 01_{MBA In DM V01.1} 04
120240215481070690,F_UA01_{UG All Colleges V04}{INT01}_C02
120240226278660690,F_UA01_{UG All Colleges V04}{INT01}_C04
120240215481080690,F_UA01_{UG All Colleges V04}{INT01}_C03
120239500350000690,F_UA01_{UG All Colleges} {INT 01} {V03}
120239500350040690,F_UA01_{UG All Colleges} {INT 01} {V02}
120240233495500690,F_UA01_INT 01_{MBA In DM V01.1} 02
120240233495490690,F_UA01_INT 01_{MBA In DM V01.1} 06
120239500349980690,F_UA01_{UG All Colleges} {INT 02} {C02}
120239500349990690,F_UA01_{UG All Colleges} {INT 02} {C04}
120239500349970690,F_UA01_{UG All Colleges} {INT 02} {C03}
120239500350010690,F_UA01_{UG All Colleges} {INT 02} {C01}
120239620954700690,F_UA1_All Colleges_MBA_Aryan 1.2 (INT 01)_ 1.3
120239620954720690,F_UA1_All Colleges_MBA_Aryan 1.2 (INT 01)_ 1.2
120239620954710690,F_UA1_All Colleges_MBA_Aryan 1.2 (INT 01)_ 1.4
120239713869670690,F_UA1_All Colleges_MBA_Aryan 1.2 (INT 01)_ 1.1
120239500350020690,F_UA01_{UG All Colleges} {INT 01} {V01}
120239492521040690,F_UA01_{UG All Colleges V02}{INT01}_C03
120239492521030690,F_UA01_{UG All Colleges V02}{INT01}_C02
120239492521020690,F_UA01_{UG All Colleges V02}{INT01}_C01
120239492267070690,F_UA01_{UG All Colleges V02}{INT01}_C04
120239489794770690,F_UA1_All Colleges_MBA_Aryan (INT 01)_ 1.3
120239489794760690,F_UA1_All Colleges_MBA_Aryan (INT 01)_ 1.2
120239489794750690,F_UA1_All Colleges_MBA_Aryan (INT 01)_ 1.1
120239487877960690,F_UA1_All Colleges_MBA_Aryan (INT 01)_ 1.4
120239278773180690,F_UA01_{UG All Colleges} {INT 02} {C04}
120239278016470690,F_UA01_{UG All Colleges} {INT 02} {C01}
120239278016460690,F_UA01_{UG All Colleges} {INT 02} {C02}
120239278016450690,F_UA01_{UG All Colleges} {INT 02} {C03}
120239277843730690,F_UA01_{UG All Colleges} {INT 01} {V03}
120239277843720690,F_UA01_{UG All Colleges} {INT 01} {V02}
120239274375250690,F_UA01_{UG All Colleges} {INT 01} {V01}
