Date,Account,Ad Name,Meta Spend,Sheet Spend,Meta Panel,Sheet Panel,LMS Actual,Sheet LMS,Status
2026-04-28,Degreefyd_B,Galgotias_Leads_2026_P_Ad_01,1704.1,1702.72,34,34.0,0,34.0,DISCREPANCY
2026-04-28,Degreefyd_B,IGNOU_Online_Courses_Admission_DFYD_Delhi_NCR_Ad01,875.62,875.0,39,39.0,61,37.0,MATCH
2026-04-28,Degreefyd_B,IGNOU_Online_Courses_Admission_DFYD_Rest_Ad01,491.93,491.27,29,26.0,61,24.0,DISCREPANCY
2026-04-28,Degreefyd_B,CU_Lucknow_Rem_Ad01,659.22,658.01,10,7.0,0,6.0,DISCREPANCY
2026-04-28,Degreefyd_B,CU_Lucknow_Int_ADG1_Ad02,11.31,11.31,0,0.0,0,0.0,MATCH
2026-04-28,Degreefyd_B,CU_Lucknow_Int_ADG1_Ad01,537.38,537.3,6,6.0,0,6.0,MATCH
2026-04-28,Degreefyd_B,UG_Online_Admission_SF_Ad_Set01_Ad01,98.12,98.12,6,2.0,0,0.0,DISCREPANCY
2026-04-28,Degreefyd_B,UG_Online_Admission_SF_Ad_Set01_Ad02,266.21,266.21,15,5.0,0,0.0,DISCREPANCY
2026-04-28,Degreefyd_B,CU_Mohali_Int_ADG1_Ad02,162.75,162.75,3,0.0,0,0.0,DISCREPANCY
2026-04-28,Degreefyd_B,CU_Mohali_Int_ADG1_Ad01,137.1,137.04,1,1.0,0,1.0,MATCH
2026-04-28,Degreefyd_B,CU_Mohali_Rem_ADG1_Ad01,186.98,186.81,1,1.0,0,1.0,MATCH
2026-04-28,Degreefyd_B,CU_Mohali_Rem_ADG1_Ad02,50.1,50.1,1,1.0,0,0.0,MATCH
2026-04-28,DegreeFYD,Amity_New_Targeting_T1,77.2,77.2,0,0.0,0,0.0,MATCH
2026-04-28,DegreeFYD,Amity_Old_Targeting_T2,89.07,89.07,1,1.0,0,1.0,MATCH
2026-04-28,DegreeFYD,Online_MCA_Creative1,44.76,44.76,0,0.0,0,0.0,MATCH
2026-04-28,DegreeFYD,Online_MCA_Creative2,37.2,37.2,0,0.0,0,0.0,MATCH
2026-04-28,DegreeFYD,CGC_Landran_Punjab_April_Ad1,50.42,50.42,0,0.0,0,0.0,MATCH
2026-04-28,DegreeFYD,CGC_Landran_Punjab_April_Ad2,7.66,7.66,0,0.0,0,0.0,MATCH
2026-04-28,DegreeFYD,LPU_University_Punjab_April_Ad1,48.33,48.33,0,0.0,0,0.0,MATCH
2026-04-28,DegreeFYD,LPU_Nest_April_Ad1,37.1,37.1,4,1.0,0,1.0,DISCREPANCY
2026-04-28,DegreeFYD,LPU_University_Punjab_April_Ad2,56.7,56.7,1,1.0,0,1.0,MATCH
2026-04-28,DegreeFYD,Online_MBA_SF_Ad_Set_T1_C1,102.66,102.66,0,0.0,0,0.0,MATCH
2026-04-29,Degreefyd_B,Galgotias_Leads_2026_P_Ad_01,1651.67,1651.67,24,24.0,0,23.0,MATCH
2026-04-29,Degreefyd_B,IGNOU_Online_Courses_Admission_DFYD_Delhi_NCR_Ad01,857.68,857.68,23,20.0,0,18.0,DISCREPANCY
2026-04-29,Degreefyd_B,IGNOU_Online_Courses_Admission_DFYD_Rest_Ad01,462.15,462.15,11,8.0,0,7.0,DISCREPANCY
2026-04-29,Degreefyd_B,CU_Lucknow_Rem_Ad01,600.63,600.63,7,7.0,0,7.0,MATCH
2026-04-29,Degreefyd_B,CU_Lucknow_Rem_Ad02,63.0,63.0,2,0.0,0,0.0,DISCREPANCY
2026-04-29,Degreefyd_B,CU_Lucknow_Int_ADG1_Ad01,575.36,575.36,11,11.0,0,11.0,MATCH
2026-04-29,Degreefyd_B,UG_Online_Admission_SF_Ad_Set01_Ad01,6.96,6.96,0,0.0,0,0.0,MATCH
2026-04-29,Degreefyd_B,UG_Online_Admission_SF_Ad_Set01_Ad02,345.37,345.37,21,7.0,0,0.0,DISCREPANCY
2026-04-29,Degreefyd_B,CU_Mohali_Int_ADG1_Ad02,273.45,273.45,4,4.0,0,4.0,MATCH
2026-04-29,Degreefyd_B,CU_Mohali_Int_ADG1_Ad01,105.9,105.9,1,1.0,0,1.0,MATCH
2026-04-29,Degreefyd_B,CU_Mohali_Rem_ADG1_Ad01,330.6,330.6,8,2.0,0,2.0,DISCREPANCY
2026-04-29,Degreefyd_B,CU_Mohali_Rem_ADG1_Ad02,45.47,45.47,0,0.0,0,0.0,MATCH
2026-04-29,DegreeFYD,Amity_Old_Targeting_T2,223.22,223.22,2,2.0,0,1.0,MATCH
2026-04-29,DegreeFYD,Online_MCA_Creative1,178.79,178.79,1,1.0,0,1.0,MATCH
2026-04-29,DegreeFYD,CGC_Landran_Punjab_April_Ad1,151.32,149.91,0,0.0,0,0.0,DISCREPANCY
2026-04-29,DegreeFYD,LPU_University_Punjab_April_Ad1,302.37,302.3,3,3.0,0,3.0,MATCH
2026-04-29,DegreeFYD,LPU_Nest_April_Ad1,370.09,370.09,5,5.0,0,5.0,MATCH
2026-04-29,DegreeFYD,Online_MBA_SF_Ad_Set_T1_C1,186.65,186.65,0,0.0,0,0.0,MATCH
2026-04-29,DegreeFYD,Ignou_Online_MBA_SF_Ad1,398.92,0.0,0,0.0,0,0.0,MISSING
2026-04-29,DegreeFYD,IGNOU_ONLINE_Degree_CR1,408.46,407.76,12,4.0,0,4.0,DISCREPANCY
2026-04-30,Degreefyd_B,Galgotias_Leads_2026_P_Ad_01,1546.35,1545.97,18,18.0,0,16.0,MATCH
2026-04-30,Degreefyd_B,IGNOU_Online_Courses_Admission_DFYD_Delhi_NCR_Ad01,748.01,747.17,33,21.0,0,23.0,DISCREPANCY
2026-04-30,Degreefyd_B,IGNOU_Online_Courses_Admission_DFYD_Rest_Ad01,420.81,419.7,20,17.0,0,17.0,DISCREPANCY
2026-04-30,Degreefyd_B,CU_Lucknow_Rem_Ad01,531.11,530.8,4,4.0,0,4.0,MATCH
2026-04-30,Degreefyd_B,CU_Lucknow_Rem_Ad02,15.55,15.55,0,0.0,0,0.0,MATCH
2026-04-30,Degreefyd_B,CU_Lucknow_Int_ADG1_Ad01,486.6,486.09,9,3.0,0,3.0,DISCREPANCY
2026-04-30,Degreefyd_B,UG_Online_Admission_SF_Ad_Set01_Ad02,421.19,421.19,15,5.0,0,0.0,DISCREPANCY
2026-04-30,Degreefyd_B,CU_Mohali_Int_ADG1_Ad02,286.95,285.51,4,1.0,0,1.0,DISCREPANCY
2026-04-30,Degreefyd_B,CU_Mohali_Int_ADG1_Ad01,58.06,58.06,2,2.0,0,2.0,MATCH
2026-04-30,Degreefyd_B,CU_Mohali_Rem_ADG1_Ad01,191.27,191.24,5,5.0,0,5.0,MATCH
2026-04-30,DegreeFYD,LPU_University_Punjab_April_Ad1,287.23,287.23,5,5.0,0,5.0,MATCH
2026-04-30,DegreeFYD,LPU_Nest_April_Ad1,244.96,244.93,0,0.0,0,0.0,MATCH
2026-04-30,DegreeFYD,Online_MBA_SF_Ad_Set_T1_C1,392.2,391.75,0,0.0,0,0.0,MATCH
2026-04-30,DegreeFYD,Ignou_Online_MBA_SF_Ad1,358.2,356.39,6,2.0,0,0.0,DISCREPANCY
2026-04-30,DegreeFYD,IGNOU_ONLINE_Degree_CR1,545.17,545.06,15,5.0,0,5.0,DISCREPANCY
2026-04-30,DegreeFYD,Online_MBA_SF_G1_CR1,153.9,153.85,0,0.0,0,0.0,MATCH
2026-05-01,Degreefyd_B,Galgotias_Leads_2026_P_Ad_01,1796.22,1795.12,40,38.0,0,35.0,DISCREPANCY
2026-05-01,Degreefyd_B,IGNOU_Online_Courses_Admission_DFYD_Delhi_NCR_Ad01,1004.69,1003.27,48,44.0,0,39.0,DISCREPANCY
2026-05-01,Degreefyd_B,IGNOU_Online_Courses_Admission_DFYD_Rest_Ad01,532.34,531.89,21,19.0,0,18.0,DISCREPANCY
2026-05-01,Degreefyd_B,CU_Lucknow_Rem_Ad01,628.95,628.85,2,2.0,0,3.0,MATCH
2026-05-01,Degreefyd_B,CU_Lucknow_Rem_Ad02,25.8,25.8,0,0.0,0,0.0,MATCH
2026-05-01,Degreefyd_B,CU_Lucknow_Int_ADG1_Ad02,53.24,53.24,1,1.0,0,1.0,MATCH
2026-05-01,Degreefyd_B,CU_Lucknow_Int_ADG1_Ad01,459.22,459.13,7,7.0,0,7.0,MATCH
2026-05-01,Degreefyd_B,UG_Online_Admission_SF_Ad_Set01_Ad02,398.31,398.31,18,6.0,0,14.0,DISCREPANCY
2026-05-01,Degreefyd_B,CU_Mohali_Int_ADG1_Ad02,166.02,165.92,3,3.0,0,3.0,MATCH
2026-05-01,Degreefyd_B,CU_Mohali_Int_ADG1_Ad01,174.6,174.6,6,4.0,0,3.0,DISCREPANCY
2026-05-01,Degreefyd_B,CU_Mohali_Rem_ADG1_Ad01,256.83,256.82,3,1.0,0,0.0,DISCREPANCY
2026-05-01,DegreeFYD,LPU_University_Punjab_April_Ad1,0.0,0.0,0,0.0,0,0.0,MISSING
2026-05-01,DegreeFYD,LPU_Nest_April_Ad1,0.0,0.0,0,0.0,0,0.0,MISSING
2026-05-01,DegreeFYD,Online_MBA_SF_Ad_Set_T1_C1,122.29,122.29,0,0.0,0,0.0,MATCH
2026-05-01,DegreeFYD,Ignou_Online_MBA_SF_Ad1,316.04,316.01,3,1.0,0,0.0,DISCREPANCY
2026-05-01,DegreeFYD,IGNOU_ONLINE_Degree_CR1,491.34,490.83,18,6.0,0,5.0,DISCREPANCY
2026-05-01,DegreeFYD,Online_MBA_SF_G1_CR1,185.41,185.41,12,4.0,0,0.0,DISCREPANCY
2026-05-01,DegreeFYD,Online_MBA_SF_G1_CR2,201.11,201.11,0,0.0,0,0.0,MATCH
2026-05-01,DegreeFYD,CGC_Landran_UG&PG_CR1,194.55,193.7,0,0.0,0,0.0,MATCH
2026-05-01,DegreeFYD,CGC_BTECH_REGU_SF_CR1,6.45,6.45,0,0.0,0,0.0,MATCH
2026-05-01,DegreeFYD,CGC_BTECH_REGU_SF_CR2,1.03,1.03,0,0.0,0,0.0,MATCH
2026-05-02,Degreefyd_B,Galgotias_Leads_2026_P_Ad_01,1598.39,1598.39,29,29.0,0,27.0,MATCH
2026-05-02,Degreefyd_B,IGNOU_Online_Courses_Admission_DFYD_Delhi_NCR_Ad01,852.69,852.69,38,34.0,0,29.0,DISCREPANCY
2026-05-02,Degreefyd_B,IGNOU_Online_Courses_Admission_DFYD_Rest_Ad01,491.68,491.68,34,32.0,0,30.0,DISCREPANCY
2026-05-02,Degreefyd_B,CU_Lucknow_Rem_Ad01,612.37,612.37,4,4.0,0,5.0,MATCH
2026-05-02,Degreefyd_B,CU_Lucknow_Rem_Ad02,5.09,5.09,0,0.0,0,0.0,MATCH
2026-05-02,Degreefyd_B,CU_Lucknow_Int_ADG1_Ad01,541.55,541.55,8,8.0,0,8.0,MATCH
2026-05-02,Degreefyd_B,UG_Online_Admission_SF_Ad_Set01_Ad01,45.39,45.39,0,0.0,0,3.0,MATCH
2026-05-02,Degreefyd_B,UG_Online_Admission_SF_Ad_Set01_Ad02,329.19,329.19,12,4.0,0,3.0,DISCREPANCY
2026-05-02,Degreefyd_B,CU_Mohali_Int_ADG1_Ad02,81.08,81.08,3,1.0,0,0.0,DISCREPANCY
2026-05-02,Degreefyd_B,CU_Mohali_Int_ADG1_Ad01,244.01,244.01,3,1.0,0,0.0,DISCREPANCY
2026-05-02,Degreefyd_B,CU_Mohali_Rem_ADG1_Ad01,205.9,205.9,5,5.0,0,5.0,MATCH
2026-05-02,DegreeFYD,LPU_Nest_April_Ad1,0.0,0.0,0,0.0,0,0.0,MISSING
2026-05-02,DegreeFYD,Ignou_Online_MBA_SF_Ad1,223.16,223.16,3,1.0,0,0.0,DISCREPANCY
2026-05-02,DegreeFYD,IGNOU_ONLINE_Degree_CR1,394.74,394.74,15,5.0,0,3.0,DISCREPANCY
2026-05-02,DegreeFYD,Online_MBA_SF_G1_CR1,2.9,2.9,6,2.0,0,0.0,DISCREPANCY
2026-05-02,DegreeFYD,Online_MBA_SF_G1_CR2,107.87,107.87,0,0.0,0,0.0,MATCH
2026-05-02,DegreeFYD,CGC_Landran_UG&PG_CR1,269.52,269.52,3,1.0,0,0.0,DISCREPANCY
2026-05-02,DegreeFYD,CGC_BTECH_REGU_SF_CR1,36.0,36.0,0,0.0,0,0.0,MATCH
2026-05-02,DegreeFYD,CGC_BTECH_REGU_SF_CR2,297.2,297.2,3,1.0,0,1.0,DISCREPANCY
2026-05-02,DegreeFYD,CGC_BTECH_REGU_Rem_SF_AD_01,274.16,274.16,0,0.0,0,2.0,MATCH
2026-05-02,DegreeFYD,CGC_Landran_UG&PG_SF_CR2,147.53,147.53,0,0.0,0,0.0,MATCH
2026-05-03,Degreefyd_B,Galgotias_Leads_2026_P_Ad_01,1332.58,1332.35,27,27.0,0,23.0,MATCH
2026-05-03,Degreefyd_B,IGNOU_Online_Courses_Admission_DFYD_Delhi_NCR_Ad01,671.46,671.18,16,16.0,0,15.0,MATCH
2026-05-03,Degreefyd_B,IGNOU_Online_Courses_Admission_DFYD_Rest_Ad01,366.65,366.42,24,22.0,0,21.0,DISCREPANCY
2026-05-03,Degreefyd_B,CU_Lucknow_Rem_Ad01,480.46,480.43,7,7.0,0,6.0,MATCH
2026-05-03,Degreefyd_B,CU_Lucknow_Int_ADG1_Ad02,11.4,11.4,1,1.0,0,1.0,MATCH
2026-05-03,Degreefyd_B,CU_Lucknow_Int_ADG1_Ad01,431.74,431.68,4,4.0,0,4.0,MATCH
2026-05-03,Degreefyd_B,UG_Online_Admission_SF_Ad_Set01_Ad01,42.95,42.95,0,0.0,0,3.0,MATCH
2026-05-03,Degreefyd_B,UG_Online_Admission_SF_Ad_Set01_Ad02,357.66,357.66,3,1.0,0,3.0,DISCREPANCY
2026-05-03,Degreefyd_B,CU_Mohali_Int_ADG1_Ad02,34.48,34.48,0,0.0,0,0.0,MATCH
2026-05-03,Degreefyd_B,CU_Mohali_Int_ADG1_Ad01,272.74,272.6,6,4.0,0,3.0,DISCREPANCY
2026-05-03,Degreefyd_B,CU_Mohali_Rem_ADG1_Ad01,222.35,222.35,3,3.0,0,3.0,MATCH
2026-05-03,Degreefyd_B,CU_Mohali_Rem_ADG1_Ad02,5.14,5.14,0,0.0,0,0.0,MATCH
2026-05-03,DegreeFYD,Ignou_Online_MBA_SF_Ad1,406.32,406.32,12,4.0,0,0.0,DISCREPANCY
2026-05-03,DegreeFYD,IGNOU_ONLINE_Degree_CR1,641.84,641.68,27,9.0,0,11.0,DISCREPANCY
2026-05-03,DegreeFYD,Online_MBA_SF_G1_CR1,67.85,67.85,3,1.0,0,0.0,DISCREPANCY
2026-05-03,DegreeFYD,Online_MBA_SF_G1_CR2,210.33,210.33,0,0.0,0,0.0,MATCH
2026-05-03,DegreeFYD,CGC_Landran_UG&PG_CR1,39.28,39.28,0,0.0,0,0.0,MATCH
2026-05-03,DegreeFYD,CGC_BTECH_REGU_SF_CR2,369.1,369.02,3,1.0,0,2.0,DISCREPANCY
2026-05-03,DegreeFYD,CGC_BTECH_REGU_Rem_SF_AD_01,420.56,419.23,3,1.0,0,1.0,DISCREPANCY
2026-05-03,DegreeFYD,CGC_Landran_UG&PG_SF_CR2,524.49,524.49,3,1.0,0,0.0,DISCREPANCY
2026-05-04,Degreefyd_B,Galgotias_Leads_2026_P_Ad_01,1810.03,1809.95,38,32.0,0,28.0,DISCREPANCY
2026-05-04,Degreefyd_B,IGNOU_Online_Courses_Admission_DFYD_Delhi_NCR_Ad01,960.27,958.34,29,29.0,0,26.0,DISCREPANCY
2026-05-04,Degreefyd_B,IGNOU_Online_Courses_Admission_DFYD_Rest_Ad01,543.03,541.42,26,24.0,0,23.0,DISCREPANCY
2026-05-04,Degreefyd_B,CU_Lucknow_Rem_Ad01,664.34,662.33,6,4.0,0,3.0,DISCREPANCY
2026-05-04,Degreefyd_B,CU_Lucknow_Rem_Ad02,10.45,10.45,1,1.0,0,1.0,MATCH
2026-05-04,Degreefyd_B,CU_Lucknow_Int_ADG1_Ad01,590.33,589.75,6,6.0,0,6.0,MATCH
2026-05-04,Degreefyd_B,UG_Online_Admission_SF_Ad_Set01_Ad01,71.38,71.38,0,0.0,0,3.0,MATCH
2026-05-04,Degreefyd_B,UG_Online_Admission_SF_Ad_Set01_Ad02,398.7,398.7,9,3.0,0,3.0,DISCREPANCY
2026-05-04,Degreefyd_B,CU_Mohali_Int_ADG1_Ad02,38.04,38.04,0,0.0,0,0.0,MATCH
2026-05-04,Degreefyd_B,CU_Mohali_Int_ADG1_Ad01,391.47,390.23,9,7.0,0,7.0,DISCREPANCY
2026-05-04,Degreefyd_B,CU_Mohali_Rem_ADG1_Ad01,260.97,260.96,1,1.0,0,1.0,MATCH
2026-05-04,Degreefyd_B,CU_Mohali_Rem_ADG1_Ad02,4.56,4.56,0,0.0,0,0.0,MATCH
2026-05-04,DegreeFYD,LPU_University_Punjab_April_Ad1,0.0,0.0,0,0.0,0,0.0,MISSING
2026-05-04,DegreeFYD,Ignou_Online_MBA_SF_Ad1,300.78,300.78,6,2.0,0,0.0,DISCREPANCY
2026-05-04,DegreeFYD,IGNOU_ONLINE_Degree_CR1,382.2,382.13,21,7.0,0,4.0,DISCREPANCY
2026-05-04,DegreeFYD,Online_MBA_SF_G1_CR1,36.05,36.05,3,1.0,0,0.0,DISCREPANCY
2026-05-04,DegreeFYD,Online_MBA_SF_G1_CR2,177.91,177.91,9,3.0,0,0.0,DISCREPANCY
2026-05-04,DegreeFYD,CGC_Landran_UG&PG_CR1,28.41,28.36,0,0.0,0,0.0,MATCH
2026-05-04,DegreeFYD,CGC_BTECH_REGU_SF_CR2,256.51,256.51,0,0.0,0,3.0,MATCH
2026-05-04,DegreeFYD,CGC_BTECH_REGU_Rem_SF_AD_01,188.92,188.86,0,0.0,0,1.0,MATCH
2026-05-04,DegreeFYD,CGC_Landran_UG&PG_SF_CR2,304.03,304.03,0,0.0,0,0.0,MATCH
2026-05-04,DegreeFYD,Online_UG&PG_SF_CR1,65.06,65.06,0,0.0,0,0.0,MATCH
2026-05-04,DegreeFYD,Online_BBA_SF_ASH_CR1,137.14,137.14,0,0.0,0,0.0,MATCH
2026-05-04,DegreeFYD,Online_UG&PG_SF_CR2,141.23,141.23,0,0.0,0,0.0,MATCH
2026-05-04,DegreeFYD,Online_UG_Video_SF_VD1,51.61,51.61,0,0.0,0,0.0,MATCH
2026-05-04,DegreeFYD,Online_UG_Video_SF_VD2,79.9,79.9,0,0.0,0,0.0,MATCH
2026-05-05,Degreefyd_B,Galgotias_Leads_2026_P_Ad_01,1845.64,1845.6,36,28.0,0,22.0,DISCREPANCY
2026-05-05,Degreefyd_B,IGNOU_Online_Courses_Admission_DFYD_Delhi_NCR_Ad01,1005.0,1004.77,46,42.0,41,41.0,DISCREPANCY
2026-05-05,Degreefyd_B,IGNOU_Online_Courses_Admission_DFYD_Rest_Ad01,555.66,555.2,20,20.0,41,18.0,MATCH
2026-05-05,Degreefyd_B,CU_Lucknow_Rem_Ad01,713.87,713.71,4,4.0,0,4.0,MATCH
2026-05-05,Degreefyd_B,CU_Lucknow_Rem_Ad02,2.54,2.54,0,0.0,0,0.0,MATCH
2026-05-05,Degreefyd_B,CU_Lucknow_Int_ADG1_Ad02,1.95,1.95,0,0.0,0,0.0,MATCH
2026-05-05,Degreefyd_B,CU_Lucknow_Int_ADG1_Ad01,609.88,609.77,12,10.0,0,9.0,DISCREPANCY
2026-05-05,Degreefyd_B,UG_Online_Admission_SF_Ad_Set01_Ad01,102.7,102.29,3,1.0,0,7.0,DISCREPANCY
2026-05-05,Degreefyd_B,UG_Online_Admission_SF_Ad_Set01_Ad02,343.8,343.79,6,2.0,0,7.0,DISCREPANCY
2026-05-05,Degreefyd_B,CU_Mohali_Int_ADG1_Ad02,38.69,38.69,0,0.0,0,0.0,MATCH
2026-05-05,Degreefyd_B,CU_Mohali_Int_ADG1_Ad01,417.69,417.56,11,7.0,0,5.0,DISCREPANCY
2026-05-05,Degreefyd_B,CU_Mohali_Rem_ADG1_Ad01,266.32,265.9,1,1.0,0,1.0,MATCH
2026-05-05,Degreefyd_B,CU_Mohali_Rem_ADG1_Ad02,3.2,3.2,0,0.0,0,0.0,MATCH
2026-05-05,DegreeFYD,Ignou_Online_MBA_SF_Ad1,226.98,226.95,3,1.0,0,0.0,DISCREPANCY
2026-05-05,DegreeFYD,IGNOU_ONLINE_Degree_CR1,414.11,412.53,18,6.0,0,5.0,DISCREPANCY
2026-05-05,DegreeFYD,Online_MBA_SF_G1_CR1,85.46,85.33,3,1.0,0,0.0,DISCREPANCY
2026-05-05,DegreeFYD,Online_MBA_SF_G1_CR2,35.0,35.0,0,0.0,0,0.0,MATCH
2026-05-05,DegreeFYD,CGC_BTECH_REGU_SF_CR1,26.97,26.97,0,0.0,0,0.0,MATCH
2026-05-05,DegreeFYD,CGC_BTECH_REGU_SF_CR2,163.78,163.55,3,1.0,0,1.0,DISCREPANCY
2026-05-05,DegreeFYD,CGC_BTECH_REGU_Rem_SF_AD_01,179.82,179.69,3,1.0,0,0.0,DISCREPANCY
2026-05-05,DegreeFYD,CGC_Landran_UG&PG_SF_CR2,245.51,245.51,0,0.0,0,0.0,MATCH
2026-05-05,DegreeFYD,Online_UG&PG_SF_CR1,70.24,70.24,0,0.0,0,0.0,MATCH
2026-05-05,DegreeFYD,Online_BBA_SF_ASH_CR1,218.8,218.8,0,0.0,0,0.0,MATCH
2026-05-05,DegreeFYD,Online_UG&PG_SF_CR2,208.57,208.57,0,0.0,0,0.0,MATCH
2026-05-05,DegreeFYD,Online_UG_Video_SF_VD2,225.72,225.72,0,0.0,0,0.0,MATCH
2026-05-05,DegreeFYD,ONLINE_MBA_SF_ASH_2_CR1,145.9,145.9,0,0.0,0,0.0,MATCH
2026-05-05,DegreeFYD,Amity_Online_MBA_SF_CR1,220.98,220.8,0,0.0,0,1.0,MATCH
2026-05-05,DegreeFYD,ONLINE_MBA_SF_ASH_2_CR2,93.5,93.5,0,0.0,0,0.0,MATCH
2026-05-05,DegreeFYD,ONLINE_MBA_SF_ASH_3_CR1,177.16,177.16,3,1.0,0,1.0,DISCREPANCY
2026-05-05,DegreeFYD,ONLINE_MBA_SF_ASH_3_CR2,36.59,36.59,0,0.0,0,0.0,MATCH
2026-05-05,DegreeFYD,CU_ONLINE_UG&PG_ASH_4_CR1,76.77,76.77,0,0.0,0,0.0,MATCH
2026-05-05,DegreeFYD,CU_ONLINE_UG&PG_ASH_4_CR2,72.35,72.29,0,0.0,0,0.0,MATCH
2026-05-05,DegreeFYD,Manipal_Online_UG&PG_SF_CR1,121.89,121.89,0,0.0,0,0.0,MATCH
2026-05-05,DegreeFYD,AMITY_ONLINE_UG&PG_ASH_5_CR1,22.08,22.08,0,0.0,0,0.0,MATCH
2026-05-05,DegreeFYD,AMITY_ONLINE_UG&PG_ASH_5_CR2,11.65,11.65,0,0.0,0,0.0,MATCH
2026-05-05,DegreeFYD,Shoolini_Online_UG&PG_SF_CR1,3.42,3.42,0,0.0,0,0.0,MATCH
2026-05-05,DegreeFYD,Manipal_Online_UG&PG_SF_CR2,35.98,35.98,0,0.0,0,0.0,MATCH
2026-05-05,DegreeFYD,Shoolini_Online_UG&PG_SF_CR2,9.15,9.15,0,0.0,0,0.0,MATCH
2026-05-05,DegreeFYD,Shoolini_Online_UG&PG_IF_CR2,0.19,0.19,0,0.0,0,0.0,MATCH
2026-05-06,Degreefyd_B,Galgotias_Leads_2026_P_Ad_01,706.85,0.0,13,0.0,0,0.0,MISSING
2026-05-06,Degreefyd_B,IGNOU_Online_Courses_Admission_DFYD_Delhi_NCR_Ad01,399.42,0.0,9,0.0,0,0.0,MISSING
2026-05-06,Degreefyd_B,IGNOU_Online_Courses_Admission_DFYD_Rest_Ad01,227.66,0.0,10,0.0,0,0.0,MISSING
2026-05-06,Degreefyd_B,CU_Lucknow_Rem_Ad01,268.02,0.0,3,0.0,0,0.0,MISSING
2026-05-06,Degreefyd_B,CU_Lucknow_Rem_Ad02,12.44,0.0,0,0.0,0,0.0,MISSING
2026-05-06,Degreefyd_B,CU_Lucknow_Int_ADG1_Ad01,225.42,0.0,3,0.0,0,0.0,MISSING
2026-05-06,Degreefyd_B,UG_Online_Admission_SF_Ad_Set01_Ad01,37.63,0.0,0,0.0,0,0.0,MISSING
2026-05-06,Degreefyd_B,UG_Online_Admission_SF_Ad_Set01_Ad02,177.16,0.0,15,0.0,0,0.0,MISSING
2026-05-06,Degreefyd_B,CU_Mohali_Int_ADG1_Ad02,6.9,0.0,0,0.0,0,0.0,MISSING
2026-05-06,Degreefyd_B,CU_Mohali_Int_ADG1_Ad01,162.24,0.0,2,0.0,0,0.0,MISSING
2026-05-06,Degreefyd_B,CU_Mohali_Rem_ADG1_Ad01,164.68,0.0,1,0.0,0,0.0,MISSING
2026-05-06,DegreeFYD,Ignou_Online_MBA_SF_Ad1,90.62,0.0,0,0.0,0,0.0,MISSING
2026-05-06,DegreeFYD,IGNOU_ONLINE_Degree_CR1,310.41,0.0,15,0.0,0,0.0,MISSING
2026-05-06,DegreeFYD,Online_MBA_SF_G1_CR1,129.5,0.0,0,0.0,0,0.0,MISSING
2026-05-06,DegreeFYD,Online_MBA_SF_G1_CR2,43.11,0.0,0,0.0,0,0.0,MISSING
2026-05-06,DegreeFYD,CGC_Landran_UG&PG_CR1,1.09,0.0,0,0.0,0,0.0,MISSING
2026-05-06,DegreeFYD,CGC_BTECH_REGU_SF_CR2,150.31,0.0,0,0.0,0,0.0,MISSING
2026-05-06,DegreeFYD,CGC_BTECH_REGU_Rem_SF_AD_01,136.3,0.0,0,0.0,0,0.0,MISSING
2026-05-06,DegreeFYD,CGC_Landran_UG&PG_SF_CR2,98.24,0.0,0,0.0,0,0.0,MISSING
2026-05-06,DegreeFYD,Online_UG&PG_SF_CR1,14.84,0.0,0,0.0,0,0.0,MISSING
2026-05-06,DegreeFYD,Online_BBA_SF_ASH_CR1,164.31,0.0,0,0.0,0,0.0,MISSING
2026-05-06,DegreeFYD,Online_UG&PG_SF_CR2,221.69,0.0,0,0.0,0,0.0,MISSING
2026-05-06,DegreeFYD,Online_UG_Video_SF_VD2,156.13,0.0,0,0.0,0,0.0,MISSING
2026-05-06,DegreeFYD,ONLINE_MBA_SF_ASH_2_CR1,60.91,0.0,3,0.0,0,0.0,MISSING
2026-05-06,DegreeFYD,Amity_Online_MBA_SF_CR1,181.9,0.0,0,0.0,0,0.0,MISSING
2026-05-06,DegreeFYD,ONLINE_MBA_SF_ASH_2_CR2,118.16,0.0,3,0.0,0,0.0,MISSING
2026-05-06,DegreeFYD,ONLINE_MBA_SF_ASH_3_CR1,173.55,0.0,6,0.0,0,0.0,MISSING
2026-05-06,DegreeFYD,ONLINE_MBA_SF_ASH_3_CR2,14.9,0.0,3,0.0,0,0.0,MISSING
2026-05-06,DegreeFYD,CU_ONLINE_UG&PG_ASH_4_CR1,127.21,0.0,0,0.0,0,0.0,MISSING
2026-05-06,DegreeFYD,CU_ONLINE_UG&PG_ASH_4_CR2,103.5,0.0,0,0.0,0,0.0,MISSING
2026-05-06,DegreeFYD,Manipal_Online_UG&PG_SF_CR1,64.77,0.0,0,0.0,0,0.0,MISSING
2026-05-06,DegreeFYD,AMITY_ONLINE_UG&PG_ASH_5_CR1,61.48,0.0,0,0.0,0,0.0,MISSING
2026-05-06,DegreeFYD,AMITY_ONLINE_UG&PG_ASH_5_CR2,75.43,0.0,0,0.0,0,0.0,MISSING
2026-05-06,DegreeFYD,Shoolini_Online_UG&PG_SF_CR1,24.66,0.0,0,0.0,0,0.0,MISSING
2026-05-06,DegreeFYD,Manipal_Online_UG&PG_SF_CR2,32.7,0.0,0,0.0,0,0.0,MISSING
2026-05-06,DegreeFYD,Shoolini_Online_UG&PG_SF_CR2,136.03,0.0,0,0.0,0,0.0,MISSING
2026-05-06,DegreeFYD,Shoolini_Online_UG&PG_IF_CR1,17.3,0.0,0,0.0,0,0.0,MISSING
2026-05-06,DegreeFYD,Shoolini_Online_UG&PG_IF_CR2,82.39,0.0,0,0.0,0,0.0,MISSING
2026-05-06,DegreeFYD,AMITY_ONLINE_UG&PG_IF_CR1,56.85,0.0,2,0.0,0,0.0,MISSING
2026-05-06,DegreeFYD,AMITY_ONLINE_UG&PG_IF_CR2,0.25,0.0,0,0.0,0,0.0,MISSING
2026-05-06,DegreeFYD,ONLINE_MBA_IF_3_CR1,5.92,0.0,0,0.0,0,0.0,MISSING
2026-05-06,DegreeFYD,ONLINE_MBA_IF_3_CR2,4.16,0.0,0,0.0,0,0.0,MISSING
