Platform,Platform Type,Account,Date,Campaign,Ad Name,Spends,Pannel_Lead,LMS Leads
Meta,Lead Gen,FaceBook_Degreefyd_B,2026-05-05,Galgotias_Lead_2026,Galgotias_Leads_2026_P_Ad_01,1845.73,36,34
Meta,Lead Gen,FaceBook_Degreefyd_B,2026-05-05,IGNOU_Online_Courses_Admission_DFYD,IGNOU_Online_Courses_Admission_DFYD_Delhi_NCR_Ad01,1005.27,46,54
Meta,Lead Gen,FaceBook_Degreefyd_B,2026-05-05,IGNOU_Online_Courses_Admission_DFYD,IGNOU_Online_Courses_Admission_DFYD_Rest_Ad01,556.01,20,24
Meta,Lead Gen,FaceBook_Degreefyd_B,2026-05-05,CU_Lucknow_Remarketing,CU_Lucknow_Rem_Ad01,714.06,4,5
Meta,Lead Gen,FaceBook_Degreefyd_B,2026-05-05,CU_Lucknow_Remarketing,CU_Lucknow_Rem_Ad02,2.54,0,0
Meta,Lead Gen,FaceBook_Degreefyd_B,2026-05-05,CU_Lucknow_Int,CU_Lucknow_Int_ADG1_Ad02,1.95,0,0
Meta,Lead Gen,FaceBook_Degreefyd_B,2026-05-05,CU_Lucknow_Int,CU_Lucknow_Int_ADG1_Ad01,609.9,12,12
Meta,Lead Gen,FaceBook_Degreefyd_B,2026-05-05,UG_Online_Admission_2026 _SF,UG_Online_Admission_SF_Ad_Set01_Ad01,102.7,3,3
Meta,Lead Gen,FaceBook_Degreefyd_B,2026-05-05,UG_Online_Admission_2026 _SF,UG_Online_Admission_SF_Ad_Set01_Ad02,343.8,6,6
Meta,Lead Gen,FaceBook_Degreefyd_B,2026-05-05,CU_Mohali_Int,CU_Mohali_Int_ADG1_Ad02,38.69,0,0
Meta,Lead Gen,FaceBook_Degreefyd_B,2026-05-05,CU_Mohali_Int,CU_Mohali_Int_ADG1_Ad01,417.79,11,8
Meta,Lead Gen,FaceBook_Degreefyd_B,2026-05-05,CU_Mohali_Rem,CU_Mohali_Rem_ADG1_Ad01,266.73,1,1
Meta,Lead Gen,FaceBook_Degreefyd_B,2026-05-05,CU_Mohali_Rem,CU_Mohali_Rem_ADG1_Ad02,3.2,0,0
Meta,Lead Gen,FaceBook_Degreefyd_B,2026-05-06,Galgotias_Lead_2026,Galgotias_Leads_2026_P_Ad_01,1754.99,36,40
Meta,Lead Gen,FaceBook_Degreefyd_B,2026-05-06,IGNOU_Online_Courses_Admission_DFYD,IGNOU_Online_Courses_Admission_DFYD_Delhi_NCR_Ad01,967.19,31,40
Meta,Lead Gen,FaceBook_Degreefyd_B,2026-05-06,IGNOU_Online_Courses_Admission_DFYD,IGNOU_Online_Courses_Admission_DFYD_Rest_Ad01,558.29,25,30
Meta,Lead Gen,FaceBook_Degreefyd_B,2026-05-06,CU_Lucknow_Remarketing,CU_Lucknow_Rem_Ad01,675.6,9,10
Meta,Lead Gen,FaceBook_Degreefyd_B,2026-05-06,CU_Lucknow_Remarketing,CU_Lucknow_Rem_Ad02,12.44,0,0
Meta,Lead Gen,FaceBook_Degreefyd_B,2026-05-06,CU_Lucknow_Int,CU_Lucknow_Int_ADG1_Ad02,9.19,1,0
Meta,Lead Gen,FaceBook_Degreefyd_B,2026-05-06,CU_Lucknow_Int,CU_Lucknow_Int_ADG1_Ad01,574.06,5,4
Meta,Lead Gen,FaceBook_Degreefyd_B,2026-05-06,UG_Online_Admission_2026 _SF,UG_Online_Admission_SF_Ad_Set01_Ad01,92.61,0,0
Meta,Lead Gen,FaceBook_Degreefyd_B,2026-05-06,UG_Online_Admission_2026 _SF,UG_Online_Admission_SF_Ad_Set01_Ad02,393.58,21,19
Meta,Lead Gen,FaceBook_Degreefyd_B,2026-05-06,CU_Mohali_Int,CU_Mohali_Int_ADG1_Ad02,24.02,0,0
Meta,Lead Gen,FaceBook_Degreefyd_B,2026-05-06,CU_Mohali_Int,CU_Mohali_Int_ADG1_Ad01,408.41,3,4
Meta,Lead Gen,FaceBook_Degreefyd_B,2026-05-06,CU_Mohali_Rem,CU_Mohali_Rem_ADG1_Ad01,335.16,2,3
Meta,Lead Gen,FaceBook_Degreefyd_B,2026-05-07,Galgotias_Lead_2026,Galgotias_Leads_2026_P_Ad_01,1377.84,28,25
Meta,Lead Gen,FaceBook_Degreefyd_B,2026-05-07,IGNOU_Online_Courses_Admission_DFYD,IGNOU_Online_Courses_Admission_DFYD_Delhi_NCR_Ad01,695.09,26,33
Meta,Lead Gen,FaceBook_Degreefyd_B,2026-05-07,IGNOU_Online_Courses_Admission_DFYD,IGNOU_Online_Courses_Admission_DFYD_Rest_Ad01,399.08,22,24
Meta,Lead Gen,FaceBook_Degreefyd_B,2026-05-07,CU_Lucknow_Remarketing,CU_Lucknow_Rem_Ad01,492.13,6,8
Meta,Lead Gen,FaceBook_Degreefyd_B,2026-05-07,CU_Lucknow_Remarketing,CU_Lucknow_Rem_Ad02,36.21,1,1
Meta,Lead Gen,FaceBook_Degreefyd_B,2026-05-07,CU_Lucknow_Int,CU_Lucknow_Int_ADG1_Ad01,443.23,12,12
Meta,Lead Gen,FaceBook_Degreefyd_B,2026-05-07,UG_Online_Admission_2026 _SF,UG_Online_Admission_SF_Ad_Set01_Ad01,82.03,3,3
Meta,Lead Gen,FaceBook_Degreefyd_B,2026-05-07,UG_Online_Admission_2026 _SF,UG_Online_Admission_SF_Ad_Set01_Ad02,282.71,6,6
Meta,Lead Gen,FaceBook_Degreefyd_B,2026-05-07,CU_Mohali_Int,CU_Mohali_Int_ADG1_Ad02,23.49,3,1
Meta,Lead Gen,FaceBook_Degreefyd_B,2026-05-07,CU_Mohali_Int,CU_Mohali_Int_ADG1_Ad01,305.44,6,5
Meta,Lead Gen,FaceBook_Degreefyd_B,2026-05-07,CU_Mohali_Rem,CU_Mohali_Rem_ADG1_Ad01,217.44,4,2
Meta,Lead Gen,FaceBook_Degreefyd_B,2026-05-07,CU_Mohali_Rem,CU_Mohali_Rem_ADG1_Ad02,0.0,0,0
Meta,Lead Gen,FaceBook_DegreeFYD,2026-05-05,Ignou_Online_MBA,Ignou_Online_MBA_SF_Ad1,226.98,3,1
Meta,Lead Gen,FaceBook_DegreeFYD,2026-05-05,IGNOU_ONLINE_DEGREE,IGNOU_ONLINE_Degree_CR1,414.25,18,9
Meta,Lead Gen,FaceBook_DegreeFYD,2026-05-05,Online_MBA_SF_G1,Online_MBA_SF_G1_CR1,85.46,3,1
Meta,Lead Gen,FaceBook_DegreeFYD,2026-05-05,Online_MBA_SF_G1,Online_MBA_SF_G1_CR2,35.0,0,0
Meta,Lead Gen,FaceBook_DegreeFYD,2026-05-05,CGC_BTECH_REGU_SF,CGC_BTECH_REGU_SF_CR1,26.97,0,0
Meta,Lead Gen,FaceBook_DegreeFYD,2026-05-05,CGC_BTECH_REGU_SF,CGC_BTECH_REGU_SF_CR2,164.01,3,2
Meta,Lead Gen,FaceBook_DegreeFYD,2026-05-05,CGC_BTECH_REGU_Rem_SF,CGC_BTECH_REGU_Rem_SF_AD_01,179.82,3,1
Meta,Lead Gen,FaceBook_DegreeFYD,2026-05-05,CGC_Landran_UG&PG_SF,CGC_Landran_UG&PG_SF_CR2,245.55,0,0
Meta,Lead Gen,FaceBook_DegreeFYD,2026-05-05,Online_UG&PG_SF,Online_UG&PG_SF_CR1,70.24,0,0
Meta,Lead Gen,FaceBook_DegreeFYD,2026-05-05,Online_BBA_SF_ASH_1,Online_BBA_SF_ASH_CR1,218.8,0,0
Meta,Lead Gen,FaceBook_DegreeFYD,2026-05-05,Online_UG&PG_SF,Online_UG&PG_SF_CR2,212.4,0,0
Meta,Lead Gen,FaceBook_DegreeFYD,2026-05-05,Online_UG_Video_SF,Online_UG_Video_SF_VD2,225.72,0,0
Meta,Lead Gen,FaceBook_DegreeFYD,2026-05-05,ONLINE_MBA_SF_ASH_2,ONLINE_MBA_SF_ASH_2_CR1,145.9,0,0
Meta,Lead Gen,FaceBook_DegreeFYD,2026-05-05,Amity_Online_MBA_SF,Amity_Online_MBA_SF_CR1,221.02,0,1
Meta,Lead Gen,FaceBook_DegreeFYD,2026-05-05,ONLINE_MBA_SF_ASH_2,ONLINE_MBA_SF_ASH_2_CR2,93.5,0,0
Meta,Lead Gen,FaceBook_DegreeFYD,2026-05-05,ONLINE_MBA_SF_ASH_3,ONLINE_MBA_SF_ASH_3_CR1,177.89,3,2
Meta,Lead Gen,FaceBook_DegreeFYD,2026-05-05,ONLINE_MBA_SF_ASH_3,ONLINE_MBA_SF_ASH_3_CR2,36.59,0,0
Meta,Lead Gen,FaceBook_DegreeFYD,2026-05-05,CU_ONLINE_UG&PG_ASH_4,CU_ONLINE_UG&PG_ASH_4_CR1,76.77,0,0
Meta,Lead Gen,FaceBook_DegreeFYD,2026-05-05,CU_ONLINE_UG&PG_ASH_4,CU_ONLINE_UG&PG_ASH_4_CR2,72.35,0,0
Meta,Lead Gen,FaceBook_DegreeFYD,2026-05-05,Manipal_Online_UG&PG_SF,Manipal_Online_UG&PG_SF_CR1,122.13,0,0
Meta,Lead Gen,FaceBook_DegreeFYD,2026-05-05,AMITY_ONLINE_UG&PG_ASH_5,AMITY_ONLINE_UG&PG_ASH_5_CR1,22.08,0,0
Meta,Lead Gen,FaceBook_DegreeFYD,2026-05-05,AMITY_ONLINE_UG&PG_ASH_5,AMITY_ONLINE_UG&PG_ASH_5_CR2,11.65,0,0
Meta,Lead Gen,FaceBook_DegreeFYD,2026-05-05,Shoolini_Online_UG&PG_SF,Shoolini_Online_UG&PG_SF_CR1,3.42,0,0
Meta,Lead Gen,FaceBook_DegreeFYD,2026-05-05,Manipal_Online_UG&PG_SF,Manipal_Online_UG&PG_SF_CR2,35.98,0,0
Meta,Lead Gen,FaceBook_DegreeFYD,2026-05-05,Shoolini_Online_UG&PG_SF,Shoolini_Online_UG&PG_SF_CR2,9.15,0,0
Meta,Lead Gen,FaceBook_DegreeFYD,2026-05-05,Shoolini_Online_UG&PG_IF,Shoolini_Online_UG&PG_IF_CR2,0.19,0,0
Meta,Lead Gen,FaceBook_DegreeFYD,2026-05-06,Ignou_Online_MBA,Ignou_Online_MBA_SF_Ad1,90.62,0,0
Meta,Lead Gen,FaceBook_DegreeFYD,2026-05-06,IGNOU_ONLINE_DEGREE,IGNOU_ONLINE_Degree_CR1,730.42,18,17
Meta,Lead Gen,FaceBook_DegreeFYD,2026-05-06,Online_MBA_SF_G1,Online_MBA_SF_G1_CR1,131.42,0,0
Meta,Lead Gen,FaceBook_DegreeFYD,2026-05-06,Online_MBA_SF_G1,Online_MBA_SF_G1_CR2,43.11,0,0
Meta,Lead Gen,FaceBook_DegreeFYD,2026-05-06,CGC_Landran_UG&PG_SF,CGC_Landran_UG&PG_CR1,1.09,0,0
Meta,Lead Gen,FaceBook_DegreeFYD,2026-05-06,CGC_BTECH_REGU_SF,CGC_BTECH_REGU_SF_CR2,376.87,6,2
Meta,Lead Gen,FaceBook_DegreeFYD,2026-05-06,CGC_BTECH_REGU_Rem_SF,CGC_BTECH_REGU_Rem_SF_AD_01,309.84,0,0
Meta,Lead Gen,FaceBook_DegreeFYD,2026-05-06,CGC_Landran_UG&PG_SF,CGC_Landran_UG&PG_SF_CR2,103.7,0,0
Meta,Lead Gen,FaceBook_DegreeFYD,2026-05-06,Online_UG&PG_SF,Online_UG&PG_SF_CR1,91.96,0,0
Meta,Lead Gen,FaceBook_DegreeFYD,2026-05-06,Online_BBA_SF_ASH_1,Online_BBA_SF_ASH_CR1,335.27,0,0
Meta,Lead Gen,FaceBook_DegreeFYD,2026-05-06,Online_UG&PG_SF,Online_UG&PG_SF_CR2,340.74,3,3
Meta,Lead Gen,FaceBook_DegreeFYD,2026-05-06,Online_UG_Video_SF,Online_UG_Video_SF_VD2,351.98,0,0
Meta,Lead Gen,FaceBook_DegreeFYD,2026-05-06,ONLINE_MBA_SF_ASH_2,ONLINE_MBA_SF_ASH_2_CR1,111.73,3,1
Meta,Lead Gen,FaceBook_DegreeFYD,2026-05-06,Amity_Online_MBA_SF,Amity_Online_MBA_SF_CR1,361.25,0,0
Meta,Lead Gen,FaceBook_DegreeFYD,2026-05-06,ONLINE_MBA_SF_ASH_2,ONLINE_MBA_SF_ASH_2_CR2,208.43,6,4
Meta,Lead Gen,FaceBook_DegreeFYD,2026-05-06,ONLINE_MBA_SF_ASH_3,ONLINE_MBA_SF_ASH_3_CR1,213.27,6,2
Meta,Lead Gen,FaceBook_DegreeFYD,2026-05-06,ONLINE_MBA_SF_ASH_3,ONLINE_MBA_SF_ASH_3_CR2,105.83,6,3
Meta,Lead Gen,FaceBook_DegreeFYD,2026-05-06,CU_ONLINE_UG&PG_ASH_4,CU_ONLINE_UG&PG_ASH_4_CR1,178.08,0,1
Meta,Lead Gen,FaceBook_DegreeFYD,2026-05-06,CU_ONLINE_UG&PG_ASH_4,CU_ONLINE_UG&PG_ASH_4_CR2,145.75,0,0
Meta,Lead Gen,FaceBook_DegreeFYD,2026-05-06,Manipal_Online_UG&PG_SF,Manipal_Online_UG&PG_SF_CR1,188.47,0,2
Meta,Lead Gen,FaceBook_DegreeFYD,2026-05-06,AMITY_ONLINE_UG&PG_ASH_5,AMITY_ONLINE_UG&PG_ASH_5_CR1,140.61,0,0
Meta,Lead Gen,FaceBook_DegreeFYD,2026-05-06,AMITY_ONLINE_UG&PG_ASH_5,AMITY_ONLINE_UG&PG_ASH_5_CR2,160.94,0,0
Meta,Lead Gen,FaceBook_DegreeFYD,2026-05-06,Shoolini_Online_UG&PG_SF,Shoolini_Online_UG&PG_SF_CR1,57.94,0,0
Meta,Lead Gen,FaceBook_DegreeFYD,2026-05-06,Manipal_Online_UG&PG_SF,Manipal_Online_UG&PG_SF_CR2,117.75,0,1
Meta,Lead Gen,FaceBook_DegreeFYD,2026-05-06,Shoolini_Online_UG&PG_SF,Shoolini_Online_UG&PG_SF_CR2,257.6,0,0
Meta,Lead Gen,FaceBook_DegreeFYD,2026-05-06,Shoolini_Online_UG&PG_IF,Shoolini_Online_UG&PG_IF_CR1,18.35,0,0
Meta,Lead Gen,FaceBook_DegreeFYD,2026-05-06,Shoolini_Online_UG&PG_IF,Shoolini_Online_UG&PG_IF_CR2,234.63,2,2
Meta,Lead Gen,FaceBook_DegreeFYD,2026-05-06,AMITY_ONLINE_UG&PG_IF,AMITY_ONLINE_UG&PG_IF_CR1,208.97,6,5
Meta,Lead Gen,FaceBook_DegreeFYD,2026-05-06,AMITY_ONLINE_UG&PG_IF,AMITY_ONLINE_UG&PG_IF_CR2,22.47,0,0
Meta,Lead Gen,FaceBook_DegreeFYD,2026-05-06,ONLINE_MBA_IF,ONLINE_MBA_IF_3_CR1,247.78,7,9
Meta,Lead Gen,FaceBook_DegreeFYD,2026-05-06,ONLINE_MBA_IF,ONLINE_MBA_IF_3_CR2,26.24,1,1
Meta,Lead Gen,FaceBook_DegreeFYD,2026-05-07,IGNOU_ONLINE_DEGREE,IGNOU_ONLINE_Degree_CR1,245.06,6,9
Meta,Lead Gen,FaceBook_DegreeFYD,2026-05-07,CGC_BTECH_REGU_SF,CGC_BTECH_REGU_SF_CR2,92.73,6,2
Meta,Lead Gen,FaceBook_DegreeFYD,2026-05-07,CGC_BTECH_REGU_Rem_SF,CGC_BTECH_REGU_Rem_SF_AD_01,120.84,0,0
Meta,Lead Gen,FaceBook_DegreeFYD,2026-05-07,CGC_Landran_UG&PG_SF,CGC_Landran_UG&PG_SF_CR2,0.0,0,0
Meta,Lead Gen,FaceBook_DegreeFYD,2026-05-07,Online_UG&PG_SF,Online_UG&PG_SF_CR1,70.32,6,2
Meta,Lead Gen,FaceBook_DegreeFYD,2026-05-07,Online_BBA_SF_ASH_1,Online_BBA_SF_ASH_CR1,148.71,0,0
Meta,Lead Gen,FaceBook_DegreeFYD,2026-05-07,Online_UG&PG_SF,Online_UG&PG_SF_CR2,69.45,6,2
Meta,Lead Gen,FaceBook_DegreeFYD,2026-05-07,Online_UG_Video_SF,Online_UG_Video_SF_VD2,196.09,6,3
Meta,Lead Gen,FaceBook_DegreeFYD,2026-05-07,ONLINE_MBA_SF_ASH_2,ONLINE_MBA_SF_ASH_2_CR1,62.86,0,0
Meta,Lead Gen,FaceBook_DegreeFYD,2026-05-07,Amity_Online_MBA_SF,Amity_Online_MBA_SF_CR1,142.47,3,2
Meta,Lead Gen,FaceBook_DegreeFYD,2026-05-07,ONLINE_MBA_SF_ASH_2,ONLINE_MBA_SF_ASH_2_CR2,55.38,3,2
Meta,Lead Gen,FaceBook_DegreeFYD,2026-05-07,ONLINE_MBA_SF_ASH_3,ONLINE_MBA_SF_ASH_3_CR1,14.39,3,1
Meta,Lead Gen,FaceBook_DegreeFYD,2026-05-07,ONLINE_MBA_SF_ASH_3,ONLINE_MBA_SF_ASH_3_CR2,42.53,0,0
Meta,Lead Gen,FaceBook_DegreeFYD,2026-05-07,CU_ONLINE_UG&PG_ASH_4,CU_ONLINE_UG&PG_ASH_4_CR1,68.96,0,0
Meta,Lead Gen,FaceBook_DegreeFYD,2026-05-07,CU_ONLINE_UG&PG_ASH_4,CU_ONLINE_UG&PG_ASH_4_CR2,68.7,0,0
Meta,Lead Gen,FaceBook_DegreeFYD,2026-05-07,Manipal_Online_UG&PG_SF,Manipal_Online_UG&PG_SF_CR1,101.14,3,2
Meta,Lead Gen,FaceBook_DegreeFYD,2026-05-07,AMITY_ONLINE_UG&PG_ASH_5,AMITY_ONLINE_UG&PG_ASH_5_CR1,60.31,0,0
Meta,Lead Gen,FaceBook_DegreeFYD,2026-05-07,AMITY_ONLINE_UG&PG_ASH_5,AMITY_ONLINE_UG&PG_ASH_5_CR2,115.9,3,3
Meta,Lead Gen,FaceBook_DegreeFYD,2026-05-07,Shoolini_Online_UG&PG_SF,Shoolini_Online_UG&PG_SF_CR1,20.54,0,0
Meta,Lead Gen,FaceBook_DegreeFYD,2026-05-07,Manipal_Online_UG&PG_SF,Manipal_Online_UG&PG_SF_CR2,41.45,0,0
Meta,Lead Gen,FaceBook_DegreeFYD,2026-05-07,Shoolini_Online_UG&PG_SF,Shoolini_Online_UG&PG_SF_CR2,87.82,0,0
Meta,Lead Gen,FaceBook_DegreeFYD,2026-05-07,Shoolini_Online_UG&PG_IF,Shoolini_Online_UG&PG_IF_CR2,107.7,2,3
Meta,Lead Gen,FaceBook_DegreeFYD,2026-05-07,AMITY_ONLINE_UG&PG_IF,AMITY_ONLINE_UG&PG_IF_CR1,33.8,0,0
Meta,Lead Gen,FaceBook_DegreeFYD,2026-05-07,AMITY_ONLINE_UG&PG_IF,AMITY_ONLINE_UG&PG_IF_CR2,13.73,1,0
Meta,Lead Gen,FaceBook_DegreeFYD,2026-05-07,ONLINE_MBA_IF,ONLINE_MBA_IF_3_CR1,149.85,4,3
Meta,Lead Gen,FaceBook_DegreeFYD,2026-05-07,ONLINE_MBA_IF,ONLINE_MBA_IF_3_CR2,94.79,0,0
Meta,Lead Gen,FaceBook_University_Admit,2026-05-05,F_UA01_{UG All Colleges V03.1},F_UA01_{UG All Colleges 3.1} {INT 01} {C1.3},1198.5,17,24
Meta,Lead Gen,FaceBook_University_Admit,2026-05-05,F_UA1_FEB_MBA_Aryan v1.4,F_UA1_FEB_MBA_Aryan (INT 01)_ 1.1,2429.25,26,30
Meta,Lead Gen,FaceBook_University_Admit,2026-05-05,UA_MBA_Website_Leads V1,UA_MBA_Website_Leads V1 (INT 01) C01,1015.93,51,27
Meta,Lead Gen,FaceBook_University_Admit,2026-05-05,UA_MBA_Website_Leads V1,UA_MBA_Website_Leads V1 (INT 01) C02,0.05,0,0
Meta,Lead Gen,FaceBook_University_Admit,2026-05-05,UA_MBA_Website_Leads V2,UA_MBA_Website_Leads V2 (INT 01) C01,621.61,3,1
Meta,Lead Gen,FaceBook_University_Admit,2026-05-05,UA_MBA_Website_Leads V3,UA_MBA_Website_Leads V3 (INT 01) C02,41.83,0,0
Meta,Lead Gen,FaceBook_University_Admit,2026-05-05,UA_MBA_Website_Leads V3,UA_MBA_Website_Leads V3 (INT 02) C02,896.56,15,11
Meta,Lead Gen,FaceBook_University_Admit,2026-05-05,UA_MBA_Website_Leads V3,UA_MBA_Website_Leads V3 (INT 03) C01,92.93,0,0
Meta,Lead Gen,FaceBook_University_Admit,2026-05-05,UA_MBA_Website_Leads V4,UA_MBA_Website_Leads V4 (INT 01) C01,47.33,0,0
Meta,Lead Gen,FaceBook_University_Admit,2026-05-05,UA_MBA_Website_Leads V4,UA_MBA_Website_Leads V4 (INT 01) C02,306.24,3,1
Meta,Lead Gen,FaceBook_University_Admit,2026-05-05,UA_MBA_Website_Leads V4,UA_MBA_Website_Leads V4 (INT 01) C03,845.42,9,2
Meta,Lead Gen,FaceBook_University_Admit,2026-05-05,UA_MBA_Website_Leads V4,UA_MBA_Website_Leads V4 (INT 01) C04,352.68,0,0
Meta,Lead Gen,FaceBook_University_Admit,2026-05-06,F_UA01_{UG All Colleges V03.1},F_UA01_{UG All Colleges 3.1} {INT 01} {C1.3},1107.78,9,14
Meta,Lead Gen,FaceBook_University_Admit,2026-05-06,F_UA1_FEB_MBA_Aryan v1.4,F_UA1_FEB_MBA_Aryan (INT 01)_ 1.1,2381.03,25,27
Meta,Lead Gen,FaceBook_University_Admit,2026-05-06,F_UA1_FEB_MBA_Aryan_April_ V2,F_UA1_FEB_MBA_Aryan_April_ V2 (INT01) C02,0.0,3,1
Meta,Lead Gen,FaceBook_University_Admit,2026-05-06,UA_MBA_Website_Leads V1,UA_MBA_Website_Leads V1 (INT 01) C01,1027.86,24,18
Meta,Lead Gen,FaceBook_University_Admit,2026-05-06,UA_MBA_Website_Leads V2,UA_MBA_Website_Leads V2 (INT 01) C01,724.71,3,1
Meta,Lead Gen,FaceBook_University_Admit,2026-05-06,UA_MBA_Website_Leads V3,UA_MBA_Website_Leads V3 (INT 01) C01,3.67,0,0
Meta,Lead Gen,FaceBook_University_Admit,2026-05-06,UA_MBA_Website_Leads V3,UA_MBA_Website_Leads V3 (INT 01) C02,11.69,3,2
Meta,Lead Gen,FaceBook_University_Admit,2026-05-06,UA_MBA_Website_Leads V3,UA_MBA_Website_Leads V3 (INT 02) C02,999.56,30,16
Meta,Lead Gen,FaceBook_University_Admit,2026-05-06,UA_MBA_Website_Leads V3,UA_MBA_Website_Leads V3 (INT 02) C03,0.22,0,0
Meta,Lead Gen,FaceBook_University_Admit,2026-05-06,UA_MBA_Website_Leads V3,UA_MBA_Website_Leads V3 (INT 03) C01,60.3,3,2
Meta,Lead Gen,FaceBook_University_Admit,2026-05-06,UA_MBA_Website_Leads V3,UA_MBA_Website_Leads V3 (INT 03) C03,0.04,0,0
Meta,Lead Gen,FaceBook_University_Admit,2026-05-06,UA_MBA_Website_Leads V4,UA_MBA_Website_Leads V4 (INT 01) C02,0.07,3,1
Meta,Lead Gen,FaceBook_University_Admit,2026-05-06,UA_MBA_Website_Leads V4,UA_MBA_Website_Leads V4 (INT 01) C03,1317.13,33,9
Meta,Lead Gen,FaceBook_University_Admit,2026-05-07,F_UA01_{UG All Colleges V03.1},F_UA01_{UG All Colleges 3.1} {INT 01} {C1.3},1074.67,19,21
Meta,Lead Gen,FaceBook_University_Admit,2026-05-07,F_UA1_FEB_MBA_Aryan v1.4,F_UA1_FEB_MBA_Aryan (INT 01)_ 1.1,2349.23,29,31
Meta,Lead Gen,FaceBook_University_Admit,2026-05-07,F_UA1_FEB_MBA_Aryan v1.4,F_UA1_FEB_MBA_Aryan (INT 01)_ 1.4,0.3,0,0
Meta,Lead Gen,FaceBook_University_Admit,2026-05-07,UA_MBA_Website_Leads V1,UA_MBA_Website_Leads V1 (INT 01) C01,822.76,21,19
Meta,Lead Gen,FaceBook_University_Admit,2026-05-07,UA_MBA_Website_Leads V2,UA_MBA_Website_Leads V2 (INT 01) C01,656.9,0,0
Meta,Lead Gen,FaceBook_University_Admit,2026-05-07,UA_MBA_Website_Leads V3,UA_MBA_Website_Leads V3 (INT 01) C02,20.63,0,0
Meta,Lead Gen,FaceBook_University_Admit,2026-05-07,UA_MBA_Website_Leads V3,UA_MBA_Website_Leads V3 (INT 01) C03,1.97,0,0
Meta,Lead Gen,FaceBook_University_Admit,2026-05-07,UA_MBA_Website_Leads V3,UA_MBA_Website_Leads V3 (INT 02) C02,851.01,15,11
Meta,Lead Gen,FaceBook_University_Admit,2026-05-07,UA_MBA_Website_Leads V3,UA_MBA_Website_Leads V3 (INT 02) C03,11.52,0,0
Meta,Lead Gen,FaceBook_University_Admit,2026-05-07,UA_MBA_Website_Leads V3,UA_MBA_Website_Leads V3 (INT 03) C01,31.51,3,1
Meta,Lead Gen,FaceBook_University_Admit,2026-05-07,UA_MBA_Website_Leads V3,UA_MBA_Website_Leads V3 (INT 03) C02,4.29,0,0
Meta,Lead Gen,FaceBook_University_Admit,2026-05-07,UA_MBA_Website_Leads V4,UA_MBA_Website_Leads V4 (INT 01) C01,3.59,0,0
Meta,Lead Gen,FaceBook_University_Admit,2026-05-07,UA_MBA_Website_Leads V4,UA_MBA_Website_Leads V4 (INT 01) C02,0.21,0,0
Meta,Lead Gen,FaceBook_University_Admit,2026-05-07,UA_MBA_Website_Leads V4,UA_MBA_Website_Leads V4 (INT 01) C03,779.57,24,11
Meta,Lead Gen,FaceBook_University_Admit,2026-05-07,UA_MBA_Website_Leads V4,UA_MBA_Website_Leads V4 (INT 01) C04,27.48,0,0
