date,utm_campaign,utm_source,utm_medium,lead_count,source_db
2026-05-05,,,,30,online_lms
2026-05-05,120244923493070690,ig,paid,4,online_lms
2026-05-05,23228113322,,,18,online_lms
2026-05-05,23292287218,,,1,online_lms
2026-05-05,23349276370,GoogleAds,cpc,27,online_lms
2026-05-05,23463111599,,,2,online_lms
2026-05-05,Amity_Online_Admission_MBA,google,cpc,1,online_lms
2026-05-05,Amity_Online_Admission_MBA,google,cpc5,1,online_lms
2026-05-05,Amity_Online_MBA_SF_CR1,ig,Instagram_Reels,1,online_lms
2026-05-05,CU_Online_Admission,google,cpc,1,online_lms
2026-05-05,CU_Online_Admission_Delta,google,cpc,3,online_lms
2026-05-05,CU_Online_Admission_Delta,google,cpc_s4,1,online_lms
2026-05-05,CU_Online_V1,,cpc,1,online_lms
2026-05-05,F_UA01_{UG All Colleges 3.1} {INT 01} {C1.3},,,17,online_lms
2026-05-05,F_UA1_FEB_MBA_Aryan (INT 01)_ 1.1,,,23,online_lms
2026-05-05,Galgotias_Leads_2026_P_Ad_01,,,22,online_lms
2026-05-05,IGNOU_Online_Courses_Admission_DFYD_Delhi_NCR_Ad01,,,41,online_lms
2026-05-05,IGNOU_Online_Courses_Admission_DFYD_Rest_Ad01,,,18,online_lms
2026-05-05,IGNOU_ONLINE_Degree_CR1,fb,Facebook_Mobile_Feed,1,online_lms
2026-05-05,IGNOU_ONLINE_Degree_CR1,fb,Facebook_Mobile_Reels,1,online_lms
2026-05-05,IGNOU_ONLINE_Degree_CR1,ig,Instagram_Feed,1,online_lms
2026-05-05,IGNOU_ONLINE_Degree_CR1,ig,Instagram_Reels,2,online_lms
2026-05-05,Ignou_Online_MBA_Ad1,fb,Facebook_Mobile_Reels,1,online_lms
2026-05-05,Ignou_Online_MBA_Ad1,ig,Instagram_Reels,1,online_lms
2026-05-05,ONLINE_MBA_SF_ASH_3_CR1,ig,Instagram_Stories,1,online_lms
2026-05-05,Shoolini_Online_Delta,google,cpc,1,online_lms
2026-05-05,UA_MBA_Website_Leads V1 (INT 01) C01,fb,Facebook_Mobile_Reels,1,online_lms
2026-05-05,UA_MBA_Website_Leads V1 (INT 01) C01,ig,Instagram_Feed,1,online_lms
2026-05-05,UA_MBA_Website_Leads V1 (INT 01) C01,ig,Instagram_Reels,11,online_lms
2026-05-05,UA_MBA_Website_Leads V1 (INT 01) C01,ig,Instagram_Stories,2,online_lms
2026-05-05,UA_MBA_Website_Leads V3 (INT 02) C02,fb,Facebook_Mobile_Reels,1,online_lms
2026-05-05,UA_MBA_Website_Leads V3 (INT 02) C02,ig,Instagram_Feed,1,online_lms
2026-05-05,UA_MBA_Website_Leads V3 (INT 02) C02,ig,Instagram_Reels,4,online_lms
2026-05-05,UA_MBA_Website_Leads V3 (INT 02) C02,ig,Instagram_Stories,1,online_lms
2026-05-05,UG_Online_Admission_2026 _SF,ig,Instagram_Reels,7,online_lms
2026-05-06,,,,28,online_lms
2026-05-06,120244923493070690,fb,paid,1,online_lms
2026-05-06,120244923493070690,ig,paid,12,online_lms
2026-05-06,23228113322,,,17,online_lms
2026-05-06,23349276370,GoogleAds,cpc,45,online_lms
2026-05-06,{{ad.name}},,{{placement}},1,online_lms
2026-05-06,Amity_Online_Admission_MBA,google,cpc,1,online_lms
2026-05-06,Amity_Online_Admission_MBA,google,cpc2,2,online_lms
2026-05-06,AMITY_ONLINE_UG&PG_IF_CR1,,,3,online_lms
2026-05-06,{{campaign.name}},{{site_source_name}},{{placement}},1,online_lms
2026-05-06,CU_Online_Admission,google,cpc,1,online_lms
2026-05-06,CU_Online_Admission_Delta,google,cpc,4,online_lms
2026-05-06,CU_Online_Admission_Zeta,google,cpc,1,online_lms
2026-05-06,CU_ONLINE_UG&PG_ASH_4_CR1,ig,Instagram_Feed,1,online_lms
2026-05-06,F_UA01_{UG All Colleges 3.1} {INT 01} {C1.3},,,9,online_lms
2026-05-06,F_UA1_FEB_MBA_Aryan (INT 01)_ 1.1,,,20,online_lms
2026-05-06,Galgotias_Leads_2026_P_Ad_01,,,26,online_lms
2026-05-06,IGNOU_Online_Courses_Admission_DFYD_Delhi_NCR_Ad01,,,31,online_lms
2026-05-06,IGNOU_Online_Courses_Admission_DFYD_Rest_Ad01,,,22,online_lms
2026-05-06,IGNOU_ONLINE_Degree_CR1,fb,Facebook_Desktop_Feed,1,online_lms
2026-05-06,IGNOU_ONLINE_Degree_CR1,fb,Facebook_Mobile_Feed,1,online_lms
2026-05-06,IGNOU_ONLINE_Degree_CR1,fb,Facebook_Mobile_Reels,1,online_lms
2026-05-06,IGNOU_ONLINE_Degree_CR1,fb,Facebook_Stories,1,online_lms
2026-05-06,IGNOU_ONLINE_Degree_CR1,ig,Instagram_Feed,1,online_lms
2026-05-06,IGNOU_ONLINE_Degree_CR1,ig,Instagram_Reels,6,online_lms
2026-05-06,LPU_Online_Alpha,google,cpc,1,online_lms
2026-05-06,Manipal_Online_UG&PG_SF_CR1,fb,Facebook_Mobile_Feed,1,online_lms
2026-05-06,Manipal_Online_UG&PG_SF_CR1,ig,Instagram_Feed,1,online_lms
2026-05-06,Manipal_Online_UG&PG_SF_CR2,ig,Instagram_Reels,1,online_lms
2026-05-06,ONLINE_MBA_IF_3_CR1,,,7,online_lms
2026-05-06,ONLINE_MBA_IF_3_CR2,,,1,online_lms
2026-05-06,ONLINE_MBA_SF_ASH_2_CR2,fb,Facebook_Mobile_Feed,1,online_lms
2026-05-06,ONLINE_MBA_SF_ASH_2_CR2,ig,Instagram_Reels,1,online_lms
2026-05-06,ONLINE_MBA_SF_ASH_3_CR2,fb,Facebook_Mobile_Reels,1,online_lms
2026-05-06,Online_UG&PG_SF_CR2,fb,Facebook_Mobile_Feed,1,online_lms
2026-05-06,Online_UG&PG_SF_CR2,ig,Instagram_Reels,1,online_lms
2026-05-06,Shoolini_Online_Delta,google,cpc,1,online_lms
2026-05-06,Shoolini_Online_UG&PG_IF_CR2,,,1,online_lms
2026-05-06,S_P,,,1,online_lms
2026-05-06,TNU_Kolkata,google,cpc,1,online_lms
2026-05-06,UA_MBA_Website_Leads V1 (INT 01) C01,fb,Facebook_Mobile_Reels,1,online_lms
2026-05-06,UA_MBA_Website_Leads V1 (INT 01) C01,ig,Instagram_Reels,9,online_lms
2026-05-06,UA_MBA_Website_Leads V3 (INT 01) C02,ig,Instagram_Reels,1,online_lms
2026-05-06,UA_MBA_Website_Leads V3 (INT 02) C02,ig,Instagram_Feed,2,online_lms
2026-05-06,UA_MBA_Website_Leads V3 (INT 02) C02,ig,Instagram_Reels,4,online_lms
2026-05-06,UA_MBA_Website_Leads V3 (INT 02) C02,ig,Instagram_Stories,1,online_lms
2026-05-06,UA_MBA_Website_Leads V3 (INT 03) C01,ig,Instagram_Reels,1,online_lms
2026-05-06,UG_Online_Admission_2026 _SF,ig,Instagram_Feed,1,online_lms
2026-05-06,UG_Online_Admission_2026 _SF,ig,Instagram_Reels,10,online_lms
2026-05-07,,,,36,online_lms
2026-05-07,120244923493070690,ig,paid,1,online_lms
2026-05-07,23228113322,,,19,online_lms
2026-05-07,23349276370,GoogleAds,cpc,43,online_lms
2026-05-07,23463111599,,,3,online_lms
2026-05-07,23748848361,,,1,online_lms
2026-05-07,Amity_Online_Admission_MBA,google,cpc,1,online_lms
2026-05-07,Amity_Online_MBA_SF_CR1,fb,Facebook_Mobile_Reels,1,online_lms
2026-05-07,AMITY_ONLINE_UG&PG_ASH_5_CR2,ig,Instagram_Reels,2,online_lms
2026-05-07,CU_Online_Admission,google,cpc,1,online_lms
2026-05-07,CU_Online_Admission,google,cpc_sitelink4,1,online_lms
2026-05-07,CU_Online_Admission_Delta,google,cpc,1,online_lms
2026-05-07,CU_Online_Admission_Delta,google,cpc_s4,1,online_lms
2026-05-07,F_UA01_{UG All Colleges 3.1} {INT 01} {C1.3},,,16,online_lms
2026-05-07,F_UA1_FEB_MBA_Aryan (INT 01)_ 1.1,,,22,online_lms
2026-05-07,Galgotias_Leads_2026_P_Ad_01,,,15,online_lms
2026-05-07,IGNOU_Online_Courses_Admission_DFYD_Delhi_NCR_Ad01,,,24,online_lms
2026-05-07,IGNOU_Online_Courses_Admission_DFYD_Rest_Ad01,,,18,online_lms
2026-05-07,IGNOU_ONLINE_Degree_CR1,fb,Facebook_Mobile_Feed,1,online_lms
2026-05-07,IGNOU_ONLINE_Degree_CR1,fb,Facebook_Mobile_Reels,1,online_lms
2026-05-07,IGNOU_ONLINE_Degree_CR1,ig,Instagram_Feed,1,online_lms
2026-05-07,IGNOU_ONLINE_Degree_CR1,ig,Instagram_Reels,4,online_lms
2026-05-07,LPU_Online_Alpha,google,cpc,1,online_lms
2026-05-07,Manipal_Online_UG&PG_SF_CR1,ig,Instagram_Reels,1,online_lms
2026-05-07,ONLINE_MBA_IF_3_CR1,,,1,online_lms
2026-05-07,ONLINE_MBA_SF_ASH_2_CR2,fb,Facebook_Mobile_Reels,1,online_lms
2026-05-07,Online_UG_Video_SF_VD2,fb,Facebook_Mobile_Reels,1,online_lms
2026-05-07,Shoolini_Online_Delta,google,cpc,1,online_lms
2026-05-07,Shoolini_Online_UG&PG_IF_CR2,,,2,online_lms
2026-05-07,UA_MBA_Website_Leads V1 (INT 01) C01,ig,Instagram_Reels,8,online_lms
2026-05-07,UA_MBA_Website_Leads V1 (INT 01) C01,ig,Instagram_Stories,2,online_lms
2026-05-07,UA_MBA_Website_Leads V3 (INT 02) C02,fb,Facebook_Mobile_Reels,1,online_lms
2026-05-07,UA_MBA_Website_Leads V3 (INT 02) C02,ig,Instagram_Reels,5,online_lms
2026-05-07,UA_MBA_Website_Leads V3 (INT 02) C02,ig,Instagram_Stories,1,online_lms
2026-05-07,UA_MBA_Website_Leads V4 (INT 01) C03,fb,Facebook_Mobile_Reels,1,online_lms
2026-05-07,UA_MBA_Website_Leads V4 (INT 01) C03,ig,Instagram_Feed,1,online_lms
2026-05-07,UA_MBA_Website_Leads V4 (INT 01) C03,ig,Instagram_Reels,1,online_lms
2026-05-07,UA_MBA_Website_Leads V4 (INT 01) C03,ig,Instagram_Stories,1,online_lms
2026-05-07,UG_Online_Admission_2026 _SF,ig,Instagram_Reels,7,online_lms
2026-05-05,,,,19,regular_lms
2026-05-05,23292287218,GoogleAds,,2,regular_lms
2026-05-05,23292287218,GoogleAds,cpc,39,regular_lms
2026-05-05,23463111599,,,3,regular_lms
2026-05-05,23463111599,,cpc,2,regular_lms
2026-05-05,23463111599,GoogleAds,cpc,89,regular_lms
2026-05-05,23486436393,,,3,regular_lms
2026-05-05,23486463996,,,1,regular_lms
2026-05-05,23748848361,GoogleAds,cpc,19,regular_lms
2026-05-05,Amity_University_Gurugram,google,cpc,1,regular_lms
2026-05-05,Amity_University_Gurugram,google,cpc6,2,regular_lms
2026-05-05,Amity_University_Gwalior,google,cpc,3,regular_lms
2026-05-05,Amity_University_Lucknow,google,cpc,3,regular_lms
2026-05-05,Amity_University_Lucknow,google,cpc4,1,regular_lms
2026-05-05,Amity_University_Mumbai,google,cpc,3,regular_lms
2026-05-05,Amity_University_Raipur,google,cpc,1,regular_lms
2026-05-05,CGC_Mohali,google,cpc,18,regular_lms
2026-05-05,CGC_Mohali,google,cpc4,1,regular_lms
2026-05-05,CU_Lucknow_Int_ADG1_Ad01,,,9,regular_lms
2026-05-05,CU_Lucknow_Rem_Ad01,,,4,regular_lms
2026-05-05,CU_Mohali_Int_ADG1_Ad01,,,5,regular_lms
2026-05-05,CU_Mohali_Rem_ADG1_Ad01,,,1,regular_lms
2026-05-05,CU_Online_Admission,google,cpc,5,regular_lms
2026-05-05,CU_Online_Admission,google,cpc_sitelink3,1,regular_lms
2026-05-05,CU_Online_Admission_Delta,google,cpc,1,regular_lms
2026-05-05,Galgotias_Leads_2026_P_Ad_01,,,2,regular_lms
2026-05-05,IGNOU_Online_Courses_Admission_DFYD_Delhi_NCR_Ad01,,,1,regular_lms
2026-05-05,IGNOU_Online_Courses_Admission_DFYD_Rest_Ad01,,,1,regular_lms
2026-05-05,LPU_Online_Alpha,,cpc,2,regular_lms
2026-05-05,LPU_Online_Alpha,google,cpc,7,regular_lms
2026-05-05,LPU_Online_Alpha,google,cpc_S1,1,regular_lms
2026-05-05,LPU_Online_Alpha,google,cpc_S2,1,regular_lms
2026-05-05,LPU_Online_Alpha,google,cpc_S6,1,regular_lms
2026-05-05,LPU_Online_Gamma,google,cpc,10,regular_lms
2026-05-05,Panjab_Admissions,google,cpc,34,regular_lms
2026-05-05,Panjab_Admissions,google,cpc2,1,regular_lms
2026-05-06,,,,20,regular_lms
2026-05-06,23292287218,,,2,regular_lms
2026-05-06,23292287218,GoogleAds,cpc,30,regular_lms
2026-05-06,23349276370,,,2,regular_lms
2026-05-06,23463111599,,,1,regular_lms
2026-05-06,23463111599,GoogleAds,cpc,64,regular_lms
2026-05-06,23486436393,,,3,regular_lms
2026-05-06,23486463996,,,1,regular_lms
2026-05-06,23748848361,GoogleAds,cpc,15,regular_lms
2026-05-06,Amity_University_Gurugram,google,cpc,1,regular_lms
2026-05-06,Amity_University_Gwalior,google,cpc,2,regular_lms
2026-05-06,Amity_University_Lucknow,google,cpc,5,regular_lms
2026-05-06,Amity_University_Lucknow,google,cpc2,1,regular_lms
2026-05-06,Amity_University_Lucknow,google,cpc4,5,regular_lms
2026-05-06,Amity_University_Lucknow,google,cpc6,1,regular_lms
2026-05-06,Amity_University_Mumbai,google,cpc,3,regular_lms
2026-05-06,Amity_University_Mumbai,google,cpc5,1,regular_lms
2026-05-06,Amity_University_Raipur,google,cpc,4,regular_lms
2026-05-06,CGC_Mohali,google,cpc,6,regular_lms
2026-05-06,CU_Lucknow_Int_ADG1_Ad01,,,3,regular_lms
2026-05-06,CU_Lucknow_Rem_Ad01,,,7,regular_lms
2026-05-06,CU_Mohali_Int_ADG1_Ad01,,,3,regular_lms
2026-05-06,CU_Mohali_Rem_ADG1_Ad01,,,2,regular_lms
2026-05-06,CU_Online_Admission,google,cpc,3,regular_lms
2026-05-06,CU_Online_Admission_Delta,google,cpc,2,regular_lms
2026-05-06,CU_Online_Admission_Zeta,google,cpc,3,regular_lms
2026-05-06,CU_Online_Admission_Zeta,google,cpc1,1,regular_lms
2026-05-06,Galgotias_Leads_2026_P_Ad_01,,,2,regular_lms
2026-05-06,LPU_Online_Alpha,google,cpc,5,regular_lms
2026-05-06,LPU_Online_Gamma,google,cpc,2,regular_lms
2026-05-06,Panjab_Admissions,google,cpc,31,regular_lms
2026-05-06,Panjab_Admissions,google,cpc2,1,regular_lms
2026-05-06,Shoolini_Online_Delta,google,cpc,1,regular_lms
2026-05-07,,,,25,regular_lms
2026-05-07,23228113322,,,3,regular_lms
2026-05-07,23292287218,,cpc,1,regular_lms
2026-05-07,23292287218,GoogleAds,,1,regular_lms
2026-05-07,23292287218,GoogleAds,cpc,18,regular_lms
2026-05-07,23349276370,,,1,regular_lms
2026-05-07,23463111599,,,1,regular_lms
2026-05-07,23463111599,GoogleAds,,3,regular_lms
2026-05-07,23463111599,GoogleAds,cpc,52,regular_lms
2026-05-07,23486436393,,,6,regular_lms
2026-05-07,23748848361,,,1,regular_lms
2026-05-07,23748848361,GoogleAds,cpc,11,regular_lms
2026-05-07,Amity_University_Gurugram,google,cpc,2,regular_lms
2026-05-07,Amity_University_Gurugram,google,cpc1,1,regular_lms
2026-05-07,Amity_University_Gurugram,google,cpc5,1,regular_lms
2026-05-07,Amity_University_Gwalior,google,cpc,1,regular_lms
2026-05-07,Amity_University_Lucknow,google,cpc,6,regular_lms
2026-05-07,Amity_University_Lucknow,google,cpc4,2,regular_lms
2026-05-07,Amity_University_Mumbai,google,cpc,2,regular_lms
2026-05-07,Amity_University_Raipur,google,cpc,4,regular_lms
2026-05-07,b74690b7-771e-4f62-8c66-541e6cfd3816,,,3,regular_lms
2026-05-07,CU_Lucknow_Int_ADG1_Ad01,,,9,regular_lms
2026-05-07,CU_Lucknow_Int_ADG1_Ad02,,,1,regular_lms
2026-05-07,CU_Lucknow_Rem_Ad01,,,6,regular_lms
2026-05-07,CU_Lucknow_Rem_Ad02,,,1,regular_lms
2026-05-07,CU_Mohali_Int_ADG1_Ad01,,,3,regular_lms
2026-05-07,CU_Mohali_Rem_ADG1_Ad01,,,1,regular_lms
2026-05-07,CU_Online_Admission,google,cpc,9,regular_lms
2026-05-07,CU_Online_Admission,google,cpc_sitelink4,1,regular_lms
2026-05-07,CU_Online_Admission_Zeta,google,cpc,5,regular_lms
2026-05-07,Galgotias_Leads_2026_P_Ad_01,,,1,regular_lms
2026-05-07,LPU_Online_Alpha,google,cpc,7,regular_lms
2026-05-07,LPU_Online_Alpha,google,cpc_S1,1,regular_lms
2026-05-07,LPU_Online_Alpha,google,cpc_S5,1,regular_lms
2026-05-07,LPU_Online_Alpha,google,cpc_S6,1,regular_lms
2026-05-07,LPU_Online_Gamma,google,cpc,3,regular_lms
2026-05-07,Panjab_Admissions,,cpc,2,regular_lms
2026-05-07,Panjab_Admissions,google,cpc,32,regular_lms
2026-05-07,Panjab_Admissions,google,cpc6,1,regular_lms
2026-05-05,,,,3,regular_cgc_lms
2026-05-05,23292287218,GoogleAds,cpc,10,regular_cgc_lms
2026-05-05,23463111599,GoogleAds,cpc,19,regular_cgc_lms
2026-05-05,CGC_BTECH_REGU_SF_CR2,fb,Facebook_Mobile_Reels,1,regular_cgc_lms
2026-05-05,CGC_Mohali,,cpc,2,regular_cgc_lms
2026-05-05,CGC_Mohali,google,cpc,5,regular_cgc_lms
2026-05-05,F_UA01_{UG All Colleges 3.1} {INT 01} {C1.3},,,1,regular_cgc_lms
2026-05-05,F_UA1_FEB_MBA_Aryan (INT 01)_ 1.1,,,1,regular_cgc_lms
2026-05-05,IGNOU_Online_Courses_Admission_DFYD_Delhi_NCR_Ad01,,,1,regular_cgc_lms
2026-05-05,Panjab_Admissions,google,cpc,7,regular_cgc_lms
2026-05-05,Panjab_Admissions,google,cpc2,1,regular_cgc_lms
2026-05-05,Panjab_Admissions,google,cpc3,1,regular_cgc_lms
2026-05-05,Shoolini_Online_Delta,google,cpc,1,regular_cgc_lms
2026-05-06,,,,3,regular_cgc_lms
2026-05-06,23228113322,,,1,regular_cgc_lms
2026-05-06,23292287218,,cpc,1,regular_cgc_lms
2026-05-06,23292287218,GoogleAds,,1,regular_cgc_lms
2026-05-06,23292287218,GoogleAds,cpc,9,regular_cgc_lms
2026-05-06,23349276370,,,5,regular_cgc_lms
2026-05-06,CGC_Mohali,google,cpc,2,regular_cgc_lms
2026-05-06,CGC_Mohali,google,cpc2,1,regular_cgc_lms
2026-05-06,F_UA01_{UG All Colleges 3.1} {INT 01} {C1.3},,,2,regular_cgc_lms
2026-05-06,Galgotias_Leads_2026_P_Ad_01,,,1,regular_cgc_lms
2026-05-06,IGNOU_Online_Courses_Admission_DFYD_Rest_Ad01,,,1,regular_cgc_lms
2026-05-06,IGNOU_ONLINE_Degree_CR1,fb,Facebook_Mobile_Feed,1,regular_cgc_lms
2026-05-06,Panjab_Admissions,google,cpc,10,regular_cgc_lms
2026-05-06,UG_Online_Admission_2026 _SF,ig,Instagram_Reels,1,regular_cgc_lms
2026-05-06,UG_Online_Admission_Ad_Set01_Ad02,,,1,regular_cgc_lms
2026-05-07,23228113322,,,1,regular_cgc_lms
2026-05-07,23292287218,GoogleAds,cpc,9,regular_cgc_lms
2026-05-07,23349276370,,,3,regular_cgc_lms
2026-05-07,23463111599,,cpc,1,regular_cgc_lms
2026-05-07,23463111599,GoogleAds,cpc,10,regular_cgc_lms
2026-05-07,CGC_Mohali,,cpc,1,regular_cgc_lms
2026-05-07,CGC_Mohali,google,cpc,3,regular_cgc_lms
2026-05-07,CU_Online_Admission,google,cpc_sitelink7,1,regular_cgc_lms
2026-05-07,DUSOL_Online_Courses_Admission_DFYD_Delhi_NCR_Ad01,,,1,regular_cgc_lms
2026-05-07,F_UA1_FEB_MBA_Aryan (INT 01)_ 1.1,,,1,regular_cgc_lms
2026-05-07,Galgotias_Leads_2026_P_Ad_01,,,1,regular_cgc_lms
2026-05-07,IGNOU_Online_Courses_Admission_DFYD_Delhi_NCR_Ad01,,,1,regular_cgc_lms
2026-05-07,Panjab_Admissions,google,cpc,10,regular_cgc_lms
2026-05-07,UA_MBA_Website_Leads V1 (INT 01) C01,fb,Facebook_Mobile_Reels,1,regular_cgc_lms
2026-05-07,UA_MBA_Website_Leads V1 (INT 01) C01,ig,Instagram_Reels,2,regular_cgc_lms
2026-05-05,,,,3,regular_amity_lms
2026-05-05,23228113322,,,4,regular_amity_lms
2026-05-05,23292287218,,,1,regular_amity_lms
2026-05-05,23748848361,GoogleAds,cpc,35,regular_amity_lms
2026-05-05,C_F,,,3,regular_amity_lms
2026-05-05,F_UA01_{UG All Colleges 3.1} {INT 01} {C1.3},,,2,regular_amity_lms
2026-05-05,Galgotias_Leads_2026_P_Ad_01,,,1,regular_amity_lms
2026-05-05,G_F,,,20,regular_amity_lms
2026-05-05,G_P,,,229,regular_amity_lms
2026-05-05,M_F,,,3,regular_amity_lms
2026-05-05,S_F,,,5,regular_amity_lms
2026-05-05,S_P,,,205,regular_amity_lms
2026-05-06,,,,1,regular_amity_lms
2026-05-06,23228113322,,,1,regular_amity_lms
2026-05-06,23748848361,GoogleAds,cpc,20,regular_amity_lms
2026-05-06,Amity_University_Gurugram,,,1,regular_amity_lms
2026-05-06,Amity_University_Lucknow,google,cpc,1,regular_amity_lms
2026-05-06,Amity_University_Lucknow,google,cpc4,1,regular_amity_lms
2026-05-06,Amity_University_Raipur,,,1,regular_amity_lms
2026-05-06,C_F,,,6,regular_amity_lms
2026-05-06,D_F,,,6,regular_amity_lms
2026-05-06,Galgotias_Leads_2026_P_Ad_01,,,1,regular_amity_lms
2026-05-06,G_F,,,32,regular_amity_lms
2026-05-06,G_P,,,409,regular_amity_lms
2026-05-06,M_F,,,9,regular_amity_lms
2026-05-06,S_F,,,18,regular_amity_lms
2026-05-06,S_P,,,257,regular_amity_lms
2026-05-06,UA_MBA_Website_Leads V1 (INT 01) C01,ig,Instagram_Reels,1,regular_amity_lms
2026-05-06,UG_Online_Admission_2026 _SF,ig,Instagram_Reels,1,regular_amity_lms
2026-05-07,,,,1,regular_amity_lms
2026-05-07,23228113322,,,2,regular_amity_lms
2026-05-07,23748848361,GoogleAds,cpc,6,regular_amity_lms
2026-05-07,Amity_University_Lucknow,,,1,regular_amity_lms
2026-05-07,Amity_University_Lucknow,google,cpc,2,regular_amity_lms
2026-05-07,C_F,,,1,regular_amity_lms
2026-05-07,C_P,,,93,regular_amity_lms
2026-05-07,D_F,,,12,regular_amity_lms
2026-05-07,D_P,,,37,regular_amity_lms
2026-05-07,G_F,,,26,regular_amity_lms
2026-05-07,G_P,,,302,regular_amity_lms
2026-05-07,IGNOU_Online_Courses_Admission_DFYD_Delhi_NCR_Ad01,,,1,regular_amity_lms
2026-05-07,M_F,,,5,regular_amity_lms
2026-05-07,M_P,,,141,regular_amity_lms
2026-05-07,ONLINE_MBA_IF_3_CR1,,,1,regular_amity_lms
